<?xml version="1.0" encoding="UTF-8"?>

<game id="F342844931444FC7" name="Scene2" majority="3">
  <knowledge party-num="0" role-name="Google" resource="1" talent="0.0">true, true, true</knowledge>
  <knowledge party-num="1" role-name="Facebook" resource="1" talent="0.0">true, true, true</knowledge>
  <knowledge party-num="2" role-name="Amazon" resource="2" talent="0.0">true, true, true</knowledge>
  <player name="njkb" desc="" role-name="Facebook" type="REMOTE_AGENT" path="AgentProselfA"/>
  <player name="cvguv" desc="" role-name="Google" type="REMOTE_AGENT" path="ReinforceAgent"/>
  <player name="cghc" desc="" role-name="Amazon" type="REMOTE_AGENT" path="Human"/>
  <session num="1">
    <round num="1">
      <proposal name="cvguv" role-name="Google" reward="20">
        <ally name="cghc" role-name="Amazon" reward="80"/>
      </proposal>
      <response name="cghc" role-name="Amazon" agree="true"/>
    </round>
  </session>
  <session num="2">
    <round num="2">
      <proposal name="njkb" role-name="Facebook" reward="33">
        <ally name="cghc" role-name="Amazon" reward="66"/>
      </proposal>
      <response name="cghc" role-name="Amazon" agree="true"/>
    </round>
  </session>
  <session num="3">
    <round num="3">
      <proposal name="cghc" role-name="Amazon" reward="80">
        <ally name="cvguv" role-name="Google" reward="20"/>
      </proposal>
      <response name="cvguv" role-name="Google" agree="true"/>
    </round>
  </session>
  <session num="4">
    <round num="4">
      <proposal name="cvguv" role-name="Google" reward="20">
        <ally name="cghc" role-name="Amazon" reward="80"/>
      </proposal>
      <response name="cghc" role-name="Amazon" agree="true"/>
    </round>
  </session>
  <session num="5">
    <round num="5">
      <proposal name="njkb" role-name="Facebook" reward="33">
        <ally name="cghc" role-name="Amazon" reward="66"/>
      </proposal>
      <response name="cghc" role-name="Amazon" agree="true"/>
    </round>
  </session>
</game>
