<?xml version="1.0" encoding="UTF-8"?>

<game id="C295D6CF5A9040E9" name="Scene0" majority="5">
  <knowledge party-num="0" role-name="lucy" resource="2" talent="0.0">true, true, true</knowledge>
  <knowledge party-num="1" role-name="lily" resource="2" talent="0.0">true, true, true</knowledge>
  <knowledge party-num="2" role-name="albert" resource="3" talent="0.0">true, true, true</knowledge>
  <player name="CjEiS" desc="" role-name="lucy" type="REMOTE_AGENT" path="ReinforceAgent"/>
  <player name="IA7K3" desc="" role-name="lily" type="REMOTE_AGENT" path="Agent"/>
  <player name="y4mlb" desc="" role-name="albert" type="REMOTE_AGENT" path="Agent"/>
  <session num="1">
    <round num="1">
      <proposal name="CjEiS" role-name="lucy" reward="16">
        <ally name="IA7K3" role-name="lily" reward="16"/>
        <ally name="y4mlb" role-name="albert" reward="66"/>
      </proposal>
      <response name="y4mlb" role-name="albert" agree="true"/>
      <response name="IA7K3" role-name="lily" agree="true"/>
    </round>
  </session>
  <session num="2">
    <round num="2">
      <proposal name="IA7K3" role-name="lily" reward="25">
        <ally name="CjEiS" role-name="lucy" reward="25"/>
        <ally name="y4mlb" role-name="albert" reward="50"/>
      </proposal>
      <response name="CjEiS" role-name="lucy" agree="true"/>
      <response name="y4mlb" role-name="albert" agree="true"/>
    </round>
  </session>
  <session num="3">
    <round num="3">
      <proposal name="y4mlb" role-name="albert" reward="75">
        <ally name="CjEiS" role-name="lucy" reward="24"/>
      </proposal>
      <response name="CjEiS" role-name="lucy" agree="true"/>
    </round>
  </session>
  <session num="4">
    <round num="4">
      <proposal name="CjEiS" role-name="lucy" reward="16">
        <ally name="IA7K3" role-name="lily" reward="16"/>
        <ally name="y4mlb" role-name="albert" reward="66"/>
      </proposal>
      <response name="y4mlb" role-name="albert" agree="true"/>
      <response name="IA7K3" role-name="lily" agree="true"/>
    </round>
  </session>
  <session num="5">
    <round num="5">
      <proposal name="IA7K3" role-name="lily" reward="25">
        <ally name="CjEiS" role-name="lucy" reward="25"/>
        <ally name="y4mlb" role-name="albert" reward="50"/>
      </proposal>
      <response name="y4mlb" role-name="albert" agree="true"/>
      <response name="CjEiS" role-name="lucy" agree="true"/>
    </round>
  </session>
  <session num="6">
    <round num="6">
      <proposal name="y4mlb" role-name="albert" reward="75">
        <ally name="CjEiS" role-name="lucy" reward="24"/>
      </proposal>
      <response name="CjEiS" role-name="lucy" agree="true"/>
    </round>
  </session>
  <session num="7">
    <round num="7">
      <proposal name="CjEiS" role-name="lucy" reward="16">
        <ally name="IA7K3" role-name="lily" reward="16"/>
        <ally name="y4mlb" role-name="albert" reward="66"/>
      </proposal>
      <response name="IA7K3" role-name="lily" agree="true"/>
      <response name="y4mlb" role-name="albert" agree="true"/>
    </round>
  </session>
  <session num="8">
    <round num="8">
      <proposal name="IA7K3" role-name="lily" reward="25">
        <ally name="CjEiS" role-name="lucy" reward="25"/>
        <ally name="y4mlb" role-name="albert" reward="50"/>
      </proposal>
      <response name="y4mlb" role-name="albert" agree="true"/>
      <response name="CjEiS" role-name="lucy" agree="true"/>
    </round>
  </session>
  <session num="9">
    <round num="9">
      <proposal name="y4mlb" role-name="albert" reward="75">
        <ally name="CjEiS" role-name="lucy" reward="24"/>
      </proposal>
      <response name="CjEiS" role-name="lucy" agree="true"/>
    </round>
  </session>
  <session num="10">
    <round num="10">
      <proposal name="CjEiS" role-name="lucy" reward="16">
        <ally name="IA7K3" role-name="lily" reward="16"/>
        <ally name="y4mlb" role-name="albert" reward="66"/>
      </proposal>
      <response name="IA7K3" role-name="lily" agree="true"/>
      <response name="y4mlb" role-name="albert" agree="true"/>
    </round>
  </session>
  <session num="11">
    <round num="11">
      <proposal name="IA7K3" role-name="lily" reward="25">
        <ally name="CjEiS" role-name="lucy" reward="25"/>
        <ally name="y4mlb" role-name="albert" reward="50"/>
      </proposal>
      <response name="CjEiS" role-name="lucy" agree="true"/>
      <response name="y4mlb" role-name="albert" agree="true"/>
    </round>
  </session>
  <session num="12">
    <round num="12">
      <proposal name="y4mlb" role-name="albert" reward="75">
        <ally name="CjEiS" role-name="lucy" reward="24"/>
      </proposal>
      <response name="CjEiS" role-name="lucy" agree="true"/>
    </round>
  </session>
  <session num="13">
    <round num="13">
      <proposal name="CjEiS" role-name="lucy" reward="16">
        <ally name="IA7K3" role-name="lily" reward="16"/>
        <ally name="y4mlb" role-name="albert" reward="66"/>
      </proposal>
      <response name="y4mlb" role-name="albert" agree="true"/>
      <response name="IA7K3" role-name="lily" agree="true"/>
    </round>
  </session>
  <session num="14">
    <round num="14">
      <proposal name="IA7K3" role-name="lily" reward="25">
        <ally name="CjEiS" role-name="lucy" reward="25"/>
        <ally name="y4mlb" role-name="albert" reward="50"/>
      </proposal>
      <response name="CjEiS" role-name="lucy" agree="true"/>
      <response name="y4mlb" role-name="albert" agree="true"/>
    </round>
  </session>
  <session num="15">
    <round num="15">
      <proposal name="y4mlb" role-name="albert" reward="75">
        <ally name="CjEiS" role-name="lucy" reward="24"/>
      </proposal>
      <response name="CjEiS" role-name="lucy" agree="true"/>
    </round>
  </session>
  <session num="16">
    <round num="16">
      <proposal name="CjEiS" role-name="lucy" reward="16">
        <ally name="IA7K3" role-name="lily" reward="16"/>
        <ally name="y4mlb" role-name="albert" reward="66"/>
      </proposal>
      <response name="y4mlb" role-name="albert" agree="true"/>
      <response name="IA7K3" role-name="lily" agree="true"/>
    </round>
  </session>
  <session num="17">
    <round num="17">
      <proposal name="IA7K3" role-name="lily" reward="25">
        <ally name="CjEiS" role-name="lucy" reward="25"/>
        <ally name="y4mlb" role-name="albert" reward="50"/>
      </proposal>
      <response name="y4mlb" role-name="albert" agree="true"/>
      <response name="CjEiS" role-name="lucy" agree="true"/>
    </round>
  </session>
  <session num="18">
    <round num="18">
      <proposal name="y4mlb" role-name="albert" reward="75">
        <ally name="CjEiS" role-name="lucy" reward="24"/>
      </proposal>
      <response name="CjEiS" role-name="lucy" agree="true"/>
    </round>
  </session>
  <session num="19">
    <round num="19">
      <proposal name="CjEiS" role-name="lucy" reward="16">
        <ally name="IA7K3" role-name="lily" reward="16"/>
        <ally name="y4mlb" role-name="albert" reward="66"/>
      </proposal>
      <response name="y4mlb" role-name="albert" agree="true"/>
      <response name="IA7K3" role-name="lily" agree="true"/>
    </round>
  </session>
  <session num="20">
    <round num="20">
      <proposal name="IA7K3" role-name="lily" reward="25">
        <ally name="CjEiS" role-name="lucy" reward="25"/>
        <ally name="y4mlb" role-name="albert" reward="50"/>
      </proposal>
      <response name="CjEiS" role-name="lucy" agree="true"/>
      <response name="y4mlb" role-name="albert" agree="true"/>
    </round>
  </session>
  <session num="21">
    <round num="21">
      <proposal name="y4mlb" role-name="albert" reward="75">
        <ally name="CjEiS" role-name="lucy" reward="24"/>
      </proposal>
      <response name="CjEiS" role-name="lucy" agree="true"/>
    </round>
  </session>
  <session num="22">
    <round num="22">
      <proposal name="CjEiS" role-name="lucy" reward="20">
        <ally name="y4mlb" role-name="albert" reward="80"/>
      </proposal>
      <response name="y4mlb" role-name="albert" agree="true"/>
    </round>
  </session>
  <session num="23">
    <round num="23">
      <proposal name="IA7K3" role-name="lily" reward="25">
        <ally name="CjEiS" role-name="lucy" reward="25"/>
        <ally name="y4mlb" role-name="albert" reward="50"/>
      </proposal>
      <response name="y4mlb" role-name="albert" agree="true"/>
      <response name="CjEiS" role-name="lucy" agree="true"/>
    </round>
  </session>
  <session num="24">
    <round num="24">
      <proposal name="y4mlb" role-name="albert" reward="75">
        <ally name="CjEiS" role-name="lucy" reward="24"/>
      </proposal>
      <response name="CjEiS" role-name="lucy" agree="true"/>
    </round>
  </session>
  <session num="25">
    <round num="25">
      <proposal name="CjEiS" role-name="lucy" reward="16">
        <ally name="IA7K3" role-name="lily" reward="16"/>
        <ally name="y4mlb" role-name="albert" reward="66"/>
      </proposal>
      <response name="y4mlb" role-name="albert" agree="true"/>
      <response name="IA7K3" role-name="lily" agree="true"/>
    </round>
  </session>
  <session num="26">
    <round num="26">
      <proposal name="IA7K3" role-name="lily" reward="25">
        <ally name="CjEiS" role-name="lucy" reward="25"/>
        <ally name="y4mlb" role-name="albert" reward="50"/>
      </proposal>
      <response name="y4mlb" role-name="albert" agree="true"/>
      <response name="CjEiS" role-name="lucy" agree="true"/>
    </round>
  </session>
  <session num="27">
    <round num="27">
      <proposal name="y4mlb" role-name="albert" reward="75">
        <ally name="CjEiS" role-name="lucy" reward="24"/>
      </proposal>
      <response name="CjEiS" role-name="lucy" agree="true"/>
    </round>
  </session>
  <session num="28">
    <round num="28">
      <proposal name="CjEiS" role-name="lucy" reward="20">
        <ally name="y4mlb" role-name="albert" reward="80"/>
      </proposal>
      <response name="y4mlb" role-name="albert" agree="true"/>
    </round>
  </session>
  <session num="29">
    <round num="29">
      <proposal name="IA7K3" role-name="lily" reward="25">
        <ally name="CjEiS" role-name="lucy" reward="25"/>
        <ally name="y4mlb" role-name="albert" reward="50"/>
      </proposal>
      <response name="y4mlb" role-name="albert" agree="true"/>
      <response name="CjEiS" role-name="lucy" agree="true"/>
    </round>
  </session>
  <session num="30">
    <round num="30">
      <proposal name="y4mlb" role-name="albert" reward="75">
        <ally name="CjEiS" role-name="lucy" reward="24"/>
      </proposal>
      <response name="CjEiS" role-name="lucy" agree="true"/>
    </round>
  </session>
  <session num="31">
    <round num="31">
      <proposal name="CjEiS" role-name="lucy" reward="20">
        <ally name="y4mlb" role-name="albert" reward="80"/>
      </proposal>
      <response name="y4mlb" role-name="albert" agree="true"/>
    </round>
  </session>
  <session num="32">
    <round num="32">
      <proposal name="IA7K3" role-name="lily" reward="25">
        <ally name="CjEiS" role-name="lucy" reward="25"/>
        <ally name="y4mlb" role-name="albert" reward="50"/>
      </proposal>
      <response name="CjEiS" role-name="lucy" agree="true"/>
      <response name="y4mlb" role-name="albert" agree="true"/>
    </round>
  </session>
  <session num="33">
    <round num="33">
      <proposal name="y4mlb" role-name="albert" reward="75">
        <ally name="CjEiS" role-name="lucy" reward="24"/>
      </proposal>
      <response name="CjEiS" role-name="lucy" agree="true"/>
    </round>
  </session>
  <session num="34">
    <round num="34">
      <proposal name="CjEiS" role-name="lucy" reward="20">
        <ally name="y4mlb" role-name="albert" reward="80"/>
      </proposal>
      <response name="y4mlb" role-name="albert" agree="true"/>
    </round>
  </session>
  <session num="35">
    <round num="35">
      <proposal name="IA7K3" role-name="lily" reward="25">
        <ally name="CjEiS" role-name="lucy" reward="25"/>
        <ally name="y4mlb" role-name="albert" reward="50"/>
      </proposal>
      <response name="y4mlb" role-name="albert" agree="true"/>
      <response name="CjEiS" role-name="lucy" agree="true"/>
    </round>
  </session>
  <session num="36">
    <round num="36">
      <proposal name="y4mlb" role-name="albert" reward="75">
        <ally name="CjEiS" role-name="lucy" reward="24"/>
      </proposal>
      <response name="CjEiS" role-name="lucy" agree="true"/>
    </round>
  </session>
  <session num="37">
    <round num="37">
      <proposal name="CjEiS" role-name="lucy" reward="20">
        <ally name="y4mlb" role-name="albert" reward="80"/>
      </proposal>
      <response name="y4mlb" role-name="albert" agree="true"/>
    </round>
  </session>
  <session num="38">
    <round num="38">
      <proposal name="IA7K3" role-name="lily" reward="25">
        <ally name="CjEiS" role-name="lucy" reward="25"/>
        <ally name="y4mlb" role-name="albert" reward="50"/>
      </proposal>
      <response name="y4mlb" role-name="albert" agree="true"/>
      <response name="CjEiS" role-name="lucy" agree="true"/>
    </round>
  </session>
  <session num="39">
    <round num="39">
      <proposal name="y4mlb" role-name="albert" reward="75">
        <ally name="CjEiS" role-name="lucy" reward="24"/>
      </proposal>
      <response name="CjEiS" role-name="lucy" agree="true"/>
    </round>
  </session>
  <session num="40">
    <round num="40">
      <proposal name="CjEiS" role-name="lucy" reward="16">
        <ally name="IA7K3" role-name="lily" reward="16"/>
        <ally name="y4mlb" role-name="albert" reward="66"/>
      </proposal>
      <response name="y4mlb" role-name="albert" agree="true"/>
      <response name="IA7K3" role-name="lily" agree="true"/>
    </round>
  </session>
  <session num="41">
    <round num="41">
      <proposal name="IA7K3" role-name="lily" reward="25">
        <ally name="CjEiS" role-name="lucy" reward="25"/>
        <ally name="y4mlb" role-name="albert" reward="50"/>
      </proposal>
      <response name="y4mlb" role-name="albert" agree="true"/>
      <response name="CjEiS" role-name="lucy" agree="true"/>
    </round>
  </session>
  <session num="42">
    <round num="42">
      <proposal name="y4mlb" role-name="albert" reward="75">
        <ally name="CjEiS" role-name="lucy" reward="24"/>
      </proposal>
      <response name="CjEiS" role-name="lucy" agree="true"/>
    </round>
  </session>
  <session num="43">
    <round num="43">
      <proposal name="CjEiS" role-name="lucy" reward="16">
        <ally name="IA7K3" role-name="lily" reward="16"/>
        <ally name="y4mlb" role-name="albert" reward="66"/>
      </proposal>
      <response name="IA7K3" role-name="lily" agree="true"/>
      <response name="y4mlb" role-name="albert" agree="true"/>
    </round>
  </session>
  <session num="44">
    <round num="44">
      <proposal name="IA7K3" role-name="lily" reward="25">
        <ally name="CjEiS" role-name="lucy" reward="25"/>
        <ally name="y4mlb" role-name="albert" reward="50"/>
      </proposal>
      <response name="y4mlb" role-name="albert" agree="true"/>
      <response name="CjEiS" role-name="lucy" agree="true"/>
    </round>
  </session>
  <session num="45">
    <round num="45">
      <proposal name="y4mlb" role-name="albert" reward="75">
        <ally name="CjEiS" role-name="lucy" reward="24"/>
      </proposal>
      <response name="CjEiS" role-name="lucy" agree="true"/>
    </round>
  </session>
  <session num="46">
    <round num="46">
      <proposal name="CjEiS" role-name="lucy" reward="20">
        <ally name="y4mlb" role-name="albert" reward="80"/>
      </proposal>
      <response name="y4mlb" role-name="albert" agree="true"/>
    </round>
  </session>
  <session num="47">
    <round num="47">
      <proposal name="IA7K3" role-name="lily" reward="25">
        <ally name="CjEiS" role-name="lucy" reward="25"/>
        <ally name="y4mlb" role-name="albert" reward="50"/>
      </proposal>
      <response name="CjEiS" role-name="lucy" agree="true"/>
      <response name="y4mlb" role-name="albert" agree="true"/>
    </round>
  </session>
  <session num="48">
    <round num="48">
      <proposal name="y4mlb" role-name="albert" reward="75">
        <ally name="CjEiS" role-name="lucy" reward="24"/>
      </proposal>
      <response name="CjEiS" role-name="lucy" agree="true"/>
    </round>
  </session>
  <session num="49">
    <round num="49">
      <proposal name="CjEiS" role-name="lucy" reward="16">
        <ally name="IA7K3" role-name="lily" reward="16"/>
        <ally name="y4mlb" role-name="albert" reward="66"/>
      </proposal>
      <response name="y4mlb" role-name="albert" agree="true"/>
      <response name="IA7K3" role-name="lily" agree="true"/>
    </round>
  </session>
  <session num="50">
    <round num="50">
      <proposal name="IA7K3" role-name="lily" reward="25">
        <ally name="CjEiS" role-name="lucy" reward="25"/>
        <ally name="y4mlb" role-name="albert" reward="50"/>
      </proposal>
      <response name="y4mlb" role-name="albert" agree="true"/>
      <response name="CjEiS" role-name="lucy" agree="true"/>
    </round>
  </session>
</game>
