<?xml version="1.0" encoding="UTF-8"?>

<game id="8DC5C5432B314F08" name="Scene36" majority="6">
  <knowledge party-num="0" role-name="Google" resource="3" talent="0.0">true, true, true</knowledge>
  <knowledge party-num="1" role-name="Facebook" resource="3" talent="0.0">true, true, true</knowledge>
  <knowledge party-num="2" role-name="Amazon" resource="5" talent="0.0">true, true, true</knowledge>
  <player name="HIlU2" desc="" role-name="Facebook" type="REMOTE_AGENT" path="AgentProsocialA"/>
  <player name="58Spq" desc="" role-name="Amazon" type="REMOTE_AGENT" path="AgentProselfA"/>
  <player name="EvX1I" desc="" role-name="Google" type="REMOTE_AGENT" path="Human"/>
  <session num="1">
    <round num="1">
      <proposal name="EvX1I" role-name="Google" reward="50">
        <ally name="HIlU2" role-name="Facebook" reward="50"/>
      </proposal>
      <response name="HIlU2" role-name="Facebook" agree="false"/>
    </round>
    <round num="2">
      <proposal name="HIlU2" role-name="Facebook" reward="33">
        <ally name="EvX1I" role-name="Google" reward="33"/>
        <ally name="58Spq" role-name="Amazon" reward="33"/>
      </proposal>
      <response name="58Spq" role-name="Amazon" agree="false"/>
      <response name="EvX1I" role-name="Google" agree="true"/>
    </round>
    <round num="3">
      <proposal name="58Spq" role-name="Amazon" reward="50">
        <ally name="EvX1I" role-name="Google" reward="50"/>
      </proposal>
      <response name="EvX1I" role-name="Google" agree="true"/>
    </round>
  </session>
  <session num="2">
    <round num="4">
      <proposal name="EvX1I" role-name="Google" reward="50">
        <ally name="58Spq" role-name="Amazon" reward="50"/>
      </proposal>
      <response name="58Spq" role-name="Amazon" agree="true"/>
    </round>
  </session>
  <session num="3">
    <round num="5">
      <proposal name="HIlU2" role-name="Facebook" reward="33">
        <ally name="EvX1I" role-name="Google" reward="33"/>
        <ally name="58Spq" role-name="Amazon" reward="33"/>
      </proposal>
      <response name="58Spq" role-name="Amazon" agree="false"/>
      <response name="EvX1I" role-name="Google" agree="true"/>
    </round>
    <round num="6">
      <proposal name="58Spq" role-name="Amazon" reward="50">
        <ally name="HIlU2" role-name="Facebook" reward="50"/>
      </proposal>
      <response name="HIlU2" role-name="Facebook" agree="false"/>
    </round>
    <round num="7">
      <proposal name="EvX1I" role-name="Google" reward="50">
        <ally name="HIlU2" role-name="Facebook" reward="50"/>
      </proposal>
      <response name="HIlU2" role-name="Facebook" agree="false"/>
    </round>
    <round num="8">
      <proposal name="HIlU2" role-name="Facebook" reward="33">
        <ally name="EvX1I" role-name="Google" reward="33"/>
        <ally name="58Spq" role-name="Amazon" reward="33"/>
      </proposal>
      <response name="58Spq" role-name="Amazon" agree="false"/>
      <response name="EvX1I" role-name="Google" agree="true"/>
    </round>
    <round num="9">
      <proposal name="58Spq" role-name="Amazon" reward="50">
        <ally name="HIlU2" role-name="Facebook" reward="50"/>
      </proposal>
      <response name="HIlU2" role-name="Facebook" agree="false"/>
    </round>
    <round num="10">
      <proposal name="EvX1I" role-name="Google" reward="50">
        <ally name="58Spq" role-name="Amazon" reward="50"/>
      </proposal>
      <response name="58Spq" role-name="Amazon" agree="true"/>
    </round>
  </session>
  <session num="4">
    <round num="11">
      <proposal name="HIlU2" role-name="Facebook" reward="33">
        <ally name="EvX1I" role-name="Google" reward="33"/>
        <ally name="58Spq" role-name="Amazon" reward="33"/>
      </proposal>
      <response name="58Spq" role-name="Amazon" agree="false"/>
      <response name="EvX1I" role-name="Google" agree="true"/>
    </round>
    <round num="12">
      <proposal name="58Spq" role-name="Amazon" reward="50">
        <ally name="EvX1I" role-name="Google" reward="50"/>
      </proposal>
      <response name="EvX1I" role-name="Google" agree="true"/>
    </round>
  </session>
  <session num="5">
    <round num="13">
      <proposal name="EvX1I" role-name="Google" reward="50">
        <ally name="HIlU2" role-name="Facebook" reward="50"/>
      </proposal>
      <response name="HIlU2" role-name="Facebook" agree="false"/>
    </round>
    <round num="14">
      <proposal name="HIlU2" role-name="Facebook" reward="33">
        <ally name="EvX1I" role-name="Google" reward="33"/>
        <ally name="58Spq" role-name="Amazon" reward="33"/>
      </proposal>
      <response name="58Spq" role-name="Amazon" agree="false"/>
      <response name="EvX1I" role-name="Google" agree="true"/>
    </round>
    <round num="15">
      <proposal name="58Spq" role-name="Amazon" reward="50">
        <ally name="EvX1I" role-name="Google" reward="50"/>
      </proposal>
      <response name="EvX1I" role-name="Google" agree="true"/>
    </round>
  </session>
  <session num="6">
    <round num="16">
      <proposal name="EvX1I" role-name="Google" reward="50">
        <ally name="58Spq" role-name="Amazon" reward="50"/>
      </proposal>
      <response name="58Spq" role-name="Amazon" agree="true"/>
    </round>
  </session>
  <session num="7">
    <round num="17">
      <proposal name="HIlU2" role-name="Facebook" reward="33">
        <ally name="EvX1I" role-name="Google" reward="33"/>
        <ally name="58Spq" role-name="Amazon" reward="33"/>
      </proposal>
      <response name="58Spq" role-name="Amazon" agree="false"/>
      <response name="EvX1I" role-name="Google" agree="true"/>
    </round>
    <round num="18">
      <proposal name="58Spq" role-name="Amazon" reward="50">
        <ally name="HIlU2" role-name="Facebook" reward="50"/>
      </proposal>
      <response name="HIlU2" role-name="Facebook" agree="false"/>
    </round>
    <round num="19">
      <proposal name="EvX1I" role-name="Google" reward="50">
        <ally name="58Spq" role-name="Amazon" reward="50"/>
      </proposal>
      <response name="58Spq" role-name="Amazon" agree="true"/>
    </round>
  </session>
  <session num="8">
    <round num="20">
      <proposal name="HIlU2" role-name="Facebook" reward="33">
        <ally name="EvX1I" role-name="Google" reward="33"/>
        <ally name="58Spq" role-name="Amazon" reward="33"/>
      </proposal>
      <response name="58Spq" role-name="Amazon" agree="false"/>
      <response name="EvX1I" role-name="Google" agree="true"/>
    </round>
    <round num="21">
      <proposal name="58Spq" role-name="Amazon" reward="50">
        <ally name="EvX1I" role-name="Google" reward="50"/>
      </proposal>
      <response name="EvX1I" role-name="Google" agree="true"/>
    </round>
  </session>
  <session num="9">
    <round num="22">
      <proposal name="EvX1I" role-name="Google" reward="50">
        <ally name="58Spq" role-name="Amazon" reward="50"/>
      </proposal>
      <response name="58Spq" role-name="Amazon" agree="true"/>
    </round>
  </session>
  <session num="10">
    <round num="23">
      <proposal name="HIlU2" role-name="Facebook" reward="33">
        <ally name="EvX1I" role-name="Google" reward="33"/>
        <ally name="58Spq" role-name="Amazon" reward="33"/>
      </proposal>
      <response name="58Spq" role-name="Amazon" agree="false"/>
      <response name="EvX1I" role-name="Google" agree="true"/>
    </round>
    <round num="24">
      <proposal name="58Spq" role-name="Amazon" reward="50">
        <ally name="HIlU2" role-name="Facebook" reward="50"/>
      </proposal>
      <response name="HIlU2" role-name="Facebook" agree="false"/>
    </round>
    <round num="25">
      <proposal name="EvX1I" role-name="Google" reward="50">
        <ally name="HIlU2" role-name="Facebook" reward="50"/>
      </proposal>
      <response name="HIlU2" role-name="Facebook" agree="false"/>
    </round>
    <round num="26">
      <proposal name="HIlU2" role-name="Facebook" reward="33">
        <ally name="EvX1I" role-name="Google" reward="33"/>
        <ally name="58Spq" role-name="Amazon" reward="33"/>
      </proposal>
      <response name="58Spq" role-name="Amazon" agree="false"/>
      <response name="EvX1I" role-name="Google" agree="true"/>
    </round>
    <round num="27">
      <proposal name="58Spq" role-name="Amazon" reward="50">
        <ally name="HIlU2" role-name="Facebook" reward="50"/>
      </proposal>
      <response name="HIlU2" role-name="Facebook" agree="false"/>
    </round>
    <round num="28">
      <proposal name="EvX1I" role-name="Google" reward="50">
        <ally name="HIlU2" role-name="Facebook" reward="50"/>
      </proposal>
      <response name="HIlU2" role-name="Facebook" agree="false"/>
    </round>
    <round num="29">
      <proposal name="HIlU2" role-name="Facebook" reward="33">
        <ally name="EvX1I" role-name="Google" reward="33"/>
        <ally name="58Spq" role-name="Amazon" reward="33"/>
      </proposal>
      <response name="EvX1I" role-name="Google" agree="true"/>
      <response name="58Spq" role-name="Amazon" agree="false"/>
    </round>
    <round num="30">
      <proposal name="58Spq" role-name="Amazon" reward="50">
        <ally name="EvX1I" role-name="Google" reward="50"/>
      </proposal>
      <response name="EvX1I" role-name="Google" agree="true"/>
    </round>
  </session>
  <session num="11">
    <round num="31">
      <proposal name="EvX1I" role-name="Google" reward="50">
        <ally name="58Spq" role-name="Amazon" reward="50"/>
      </proposal>
      <response name="58Spq" role-name="Amazon" agree="true"/>
    </round>
  </session>
  <session num="12">
    <round num="32">
      <proposal name="HIlU2" role-name="Facebook" reward="33">
        <ally name="EvX1I" role-name="Google" reward="33"/>
        <ally name="58Spq" role-name="Amazon" reward="33"/>
      </proposal>
      <response name="EvX1I" role-name="Google" agree="true"/>
      <response name="58Spq" role-name="Amazon" agree="false"/>
    </round>
    <round num="33">
      <proposal name="58Spq" role-name="Amazon" reward="50">
        <ally name="HIlU2" role-name="Facebook" reward="50"/>
      </proposal>
      <response name="HIlU2" role-name="Facebook" agree="false"/>
    </round>
    <round num="34">
      <proposal name="EvX1I" role-name="Google" reward="50">
        <ally name="HIlU2" role-name="Facebook" reward="50"/>
      </proposal>
      <response name="HIlU2" role-name="Facebook" agree="false"/>
    </round>
    <round num="35">
      <proposal name="HIlU2" role-name="Facebook" reward="33">
        <ally name="EvX1I" role-name="Google" reward="33"/>
        <ally name="58Spq" role-name="Amazon" reward="33"/>
      </proposal>
      <response name="58Spq" role-name="Amazon" agree="false"/>
      <response name="EvX1I" role-name="Google" agree="true"/>
    </round>
    <round num="36">
      <proposal name="58Spq" role-name="Amazon" reward="50">
        <ally name="HIlU2" role-name="Facebook" reward="50"/>
      </proposal>
      <response name="HIlU2" role-name="Facebook" agree="false"/>
    </round>
    <round num="37">
      <proposal name="EvX1I" role-name="Google" reward="50">
        <ally name="HIlU2" role-name="Facebook" reward="50"/>
      </proposal>
      <response name="HIlU2" role-name="Facebook" agree="false"/>
    </round>
    <round num="38">
      <proposal name="HIlU2" role-name="Facebook" reward="33">
        <ally name="EvX1I" role-name="Google" reward="33"/>
        <ally name="58Spq" role-name="Amazon" reward="33"/>
      </proposal>
      <response name="EvX1I" role-name="Google" agree="true"/>
      <response name="58Spq" role-name="Amazon" agree="false"/>
    </round>
    <round num="39">
      <proposal name="58Spq" role-name="Amazon" reward="50">
        <ally name="HIlU2" role-name="Facebook" reward="50"/>
      </proposal>
      <response name="HIlU2" role-name="Facebook" agree="false"/>
    </round>
    <round num="40">
      <proposal name="EvX1I" role-name="Google" reward="50">
        <ally name="58Spq" role-name="Amazon" reward="50"/>
      </proposal>
      <response name="58Spq" role-name="Amazon" agree="true"/>
    </round>
  </session>
  <session num="13">
    <round num="41">
      <proposal name="HIlU2" role-name="Facebook" reward="33">
        <ally name="EvX1I" role-name="Google" reward="33"/>
        <ally name="58Spq" role-name="Amazon" reward="33"/>
      </proposal>
      <response name="58Spq" role-name="Amazon" agree="false"/>
      <response name="EvX1I" role-name="Google" agree="true"/>
    </round>
    <round num="42">
      <proposal name="58Spq" role-name="Amazon" reward="50">
        <ally name="EvX1I" role-name="Google" reward="50"/>
      </proposal>
      <response name="EvX1I" role-name="Google" agree="true"/>
    </round>
  </session>
  <session num="14">
    <round num="43">
      <proposal name="EvX1I" role-name="Google" reward="50">
        <ally name="58Spq" role-name="Amazon" reward="50"/>
      </proposal>
      <response name="58Spq" role-name="Amazon" agree="true"/>
    </round>
  </session>
  <session num="15">
    <round num="44">
      <proposal name="HIlU2" role-name="Facebook" reward="33">
        <ally name="EvX1I" role-name="Google" reward="33"/>
        <ally name="58Spq" role-name="Amazon" reward="33"/>
      </proposal>
      <response name="58Spq" role-name="Amazon" agree="false"/>
      <response name="EvX1I" role-name="Google" agree="true"/>
    </round>
    <round num="45">
      <proposal name="58Spq" role-name="Amazon" reward="50">
        <ally name="EvX1I" role-name="Google" reward="50"/>
      </proposal>
      <response name="EvX1I" role-name="Google" agree="true"/>
    </round>
  </session>
  <session num="16">
    <round num="46">
      <proposal name="EvX1I" role-name="Google" reward="50">
        <ally name="58Spq" role-name="Amazon" reward="50"/>
      </proposal>
      <response name="58Spq" role-name="Amazon" agree="true"/>
    </round>
  </session>
  <session num="17">
    <round num="47">
      <proposal name="HIlU2" role-name="Facebook" reward="33">
        <ally name="EvX1I" role-name="Google" reward="33"/>
        <ally name="58Spq" role-name="Amazon" reward="33"/>
      </proposal>
      <response name="EvX1I" role-name="Google" agree="true"/>
      <response name="58Spq" role-name="Amazon" agree="false"/>
    </round>
    <round num="48">
      <proposal name="58Spq" role-name="Amazon" reward="50">
        <ally name="EvX1I" role-name="Google" reward="50"/>
      </proposal>
      <response name="EvX1I" role-name="Google" agree="true"/>
    </round>
  </session>
  <session num="18">
    <round num="49">
      <proposal name="EvX1I" role-name="Google" reward="50">
        <ally name="HIlU2" role-name="Facebook" reward="50"/>
      </proposal>
      <response name="HIlU2" role-name="Facebook" agree="false"/>
    </round>
    <round num="50">
      <proposal name="HIlU2" role-name="Facebook" reward="33">
        <ally name="EvX1I" role-name="Google" reward="33"/>
        <ally name="58Spq" role-name="Amazon" reward="33"/>
      </proposal>
      <response name="EvX1I" role-name="Google" agree="true"/>
      <response name="58Spq" role-name="Amazon" agree="false"/>
    </round>
    <round num="51">
      <proposal name="58Spq" role-name="Amazon" reward="50">
        <ally name="EvX1I" role-name="Google" reward="50"/>
      </proposal>
      <response name="EvX1I" role-name="Google" agree="true"/>
    </round>
  </session>
  <session num="19">
    <round num="52">
      <proposal name="EvX1I" role-name="Google" reward="50">
        <ally name="HIlU2" role-name="Facebook" reward="50"/>
      </proposal>
      <response name="HIlU2" role-name="Facebook" agree="false"/>
    </round>
    <round num="53">
      <proposal name="HIlU2" role-name="Facebook" reward="33">
        <ally name="EvX1I" role-name="Google" reward="33"/>
        <ally name="58Spq" role-name="Amazon" reward="33"/>
      </proposal>
      <response name="58Spq" role-name="Amazon" agree="false"/>
      <response name="EvX1I" role-name="Google" agree="true"/>
    </round>
    <round num="54">
      <proposal name="58Spq" role-name="Amazon" reward="50">
        <ally name="HIlU2" role-name="Facebook" reward="50"/>
      </proposal>
      <response name="HIlU2" role-name="Facebook" agree="false"/>
    </round>
    <round num="55">
      <proposal name="EvX1I" role-name="Google" reward="50">
        <ally name="HIlU2" role-name="Facebook" reward="50"/>
      </proposal>
      <response name="HIlU2" role-name="Facebook" agree="false"/>
    </round>
    <round num="56">
      <proposal name="HIlU2" role-name="Facebook" reward="33">
        <ally name="EvX1I" role-name="Google" reward="33"/>
        <ally name="58Spq" role-name="Amazon" reward="33"/>
      </proposal>
      <response name="58Spq" role-name="Amazon" agree="false"/>
      <response name="EvX1I" role-name="Google" agree="true"/>
    </round>
    <round num="57">
      <proposal name="58Spq" role-name="Amazon" reward="50">
        <ally name="EvX1I" role-name="Google" reward="50"/>
      </proposal>
      <response name="EvX1I" role-name="Google" agree="true"/>
    </round>
  </session>
  <session num="20">
    <round num="58">
      <proposal name="EvX1I" role-name="Google" reward="50">
        <ally name="58Spq" role-name="Amazon" reward="50"/>
      </proposal>
      <response name="58Spq" role-name="Amazon" agree="true"/>
    </round>
  </session>
  <session num="21">
    <round num="59">
      <proposal name="HIlU2" role-name="Facebook" reward="33">
        <ally name="EvX1I" role-name="Google" reward="33"/>
        <ally name="58Spq" role-name="Amazon" reward="33"/>
      </proposal>
      <response name="EvX1I" role-name="Google" agree="true"/>
      <response name="58Spq" role-name="Amazon" agree="false"/>
    </round>
    <round num="60">
      <proposal name="58Spq" role-name="Amazon" reward="50">
        <ally name="EvX1I" role-name="Google" reward="50"/>
      </proposal>
      <response name="EvX1I" role-name="Google" agree="true"/>
    </round>
  </session>
  <session num="22">
    <round num="61">
      <proposal name="EvX1I" role-name="Google" reward="50">
        <ally name="HIlU2" role-name="Facebook" reward="50"/>
      </proposal>
      <response name="HIlU2" role-name="Facebook" agree="false"/>
    </round>
    <round num="62">
      <proposal name="HIlU2" role-name="Facebook" reward="33">
        <ally name="EvX1I" role-name="Google" reward="33"/>
        <ally name="58Spq" role-name="Amazon" reward="33"/>
      </proposal>
      <response name="58Spq" role-name="Amazon" agree="false"/>
      <response name="EvX1I" role-name="Google" agree="true"/>
    </round>
    <round num="63">
      <proposal name="58Spq" role-name="Amazon" reward="50">
        <ally name="EvX1I" role-name="Google" reward="50"/>
      </proposal>
      <response name="EvX1I" role-name="Google" agree="true"/>
    </round>
  </session>
  <session num="23">
    <round num="64">
      <proposal name="EvX1I" role-name="Google" reward="50">
        <ally name="58Spq" role-name="Amazon" reward="50"/>
      </proposal>
      <response name="58Spq" role-name="Amazon" agree="true"/>
    </round>
  </session>
  <session num="24">
    <round num="65">
      <proposal name="HIlU2" role-name="Facebook" reward="33">
        <ally name="EvX1I" role-name="Google" reward="33"/>
        <ally name="58Spq" role-name="Amazon" reward="33"/>
      </proposal>
      <response name="58Spq" role-name="Amazon" agree="false"/>
      <response name="EvX1I" role-name="Google" agree="true"/>
    </round>
    <round num="66">
      <proposal name="58Spq" role-name="Amazon" reward="50">
        <ally name="EvX1I" role-name="Google" reward="50"/>
      </proposal>
      <response name="EvX1I" role-name="Google" agree="true"/>
    </round>
  </session>
  <session num="25">
    <round num="67">
      <proposal name="EvX1I" role-name="Google" reward="50">
        <ally name="HIlU2" role-name="Facebook" reward="50"/>
      </proposal>
      <response name="HIlU2" role-name="Facebook" agree="false"/>
    </round>
    <round num="68">
      <proposal name="HIlU2" role-name="Facebook" reward="33">
        <ally name="EvX1I" role-name="Google" reward="33"/>
        <ally name="58Spq" role-name="Amazon" reward="33"/>
      </proposal>
      <response name="58Spq" role-name="Amazon" agree="false"/>
      <response name="EvX1I" role-name="Google" agree="true"/>
    </round>
    <round num="69">
      <proposal name="58Spq" role-name="Amazon" reward="50">
        <ally name="HIlU2" role-name="Facebook" reward="50"/>
      </proposal>
      <response name="HIlU2" role-name="Facebook" agree="false"/>
    </round>
    <round num="70">
      <proposal name="EvX1I" role-name="Google" reward="33">
        <ally name="HIlU2" role-name="Facebook" reward="33"/>
        <ally name="58Spq" role-name="Amazon" reward="33"/>
      </proposal>
      <response name="58Spq" role-name="Amazon" agree="false"/>
      <response name="HIlU2" role-name="Facebook" agree="true"/>
    </round>
    <round num="71">
      <proposal name="HIlU2" role-name="Facebook" reward="33">
        <ally name="EvX1I" role-name="Google" reward="33"/>
        <ally name="58Spq" role-name="Amazon" reward="33"/>
      </proposal>
      <response name="EvX1I" role-name="Google" agree="true"/>
      <response name="58Spq" role-name="Amazon" agree="false"/>
    </round>
    <round num="72">
      <proposal name="58Spq" role-name="Amazon" reward="50">
        <ally name="EvX1I" role-name="Google" reward="50"/>
      </proposal>
      <response name="EvX1I" role-name="Google" agree="true"/>
    </round>
  </session>
  <session num="26">
    <round num="73">
      <proposal name="EvX1I" role-name="Google" reward="50">
        <ally name="HIlU2" role-name="Facebook" reward="50"/>
      </proposal>
      <response name="HIlU2" role-name="Facebook" agree="false"/>
    </round>
    <round num="74">
      <proposal name="HIlU2" role-name="Facebook" reward="33">
        <ally name="EvX1I" role-name="Google" reward="33"/>
        <ally name="58Spq" role-name="Amazon" reward="33"/>
      </proposal>
      <response name="58Spq" role-name="Amazon" agree="false"/>
      <response name="EvX1I" role-name="Google" agree="true"/>
    </round>
    <round num="75">
      <proposal name="58Spq" role-name="Amazon" reward="50">
        <ally name="EvX1I" role-name="Google" reward="50"/>
      </proposal>
      <response name="EvX1I" role-name="Google" agree="true"/>
    </round>
  </session>
  <session num="27">
    <round num="76">
      <proposal name="EvX1I" role-name="Google" reward="50">
        <ally name="58Spq" role-name="Amazon" reward="50"/>
      </proposal>
      <response name="58Spq" role-name="Amazon" agree="true"/>
    </round>
  </session>
  <session num="28">
    <round num="77">
      <proposal name="HIlU2" role-name="Facebook" reward="33">
        <ally name="EvX1I" role-name="Google" reward="33"/>
        <ally name="58Spq" role-name="Amazon" reward="33"/>
      </proposal>
      <response name="EvX1I" role-name="Google" agree="true"/>
      <response name="58Spq" role-name="Amazon" agree="false"/>
    </round>
    <round num="78">
      <proposal name="58Spq" role-name="Amazon" reward="50">
        <ally name="EvX1I" role-name="Google" reward="50"/>
      </proposal>
      <response name="EvX1I" role-name="Google" agree="true"/>
    </round>
  </session>
  <session num="29">
    <round num="79">
      <proposal name="EvX1I" role-name="Google" reward="50">
        <ally name="58Spq" role-name="Amazon" reward="50"/>
      </proposal>
      <response name="58Spq" role-name="Amazon" agree="true"/>
    </round>
  </session>
  <session num="30">
    <round num="80">
      <proposal name="HIlU2" role-name="Facebook" reward="33">
        <ally name="EvX1I" role-name="Google" reward="33"/>
        <ally name="58Spq" role-name="Amazon" reward="33"/>
      </proposal>
      <response name="EvX1I" role-name="Google" agree="true"/>
      <response name="58Spq" role-name="Amazon" agree="false"/>
    </round>
    <round num="81">
      <proposal name="58Spq" role-name="Amazon" reward="50">
        <ally name="EvX1I" role-name="Google" reward="50"/>
      </proposal>
      <response name="EvX1I" role-name="Google" agree="true"/>
    </round>
  </session>
  <session num="31">
    <round num="82">
      <proposal name="EvX1I" role-name="Google" reward="50">
        <ally name="HIlU2" role-name="Facebook" reward="50"/>
      </proposal>
      <response name="HIlU2" role-name="Facebook" agree="false"/>
    </round>
    <round num="83">
      <proposal name="HIlU2" role-name="Facebook" reward="33">
        <ally name="EvX1I" role-name="Google" reward="33"/>
        <ally name="58Spq" role-name="Amazon" reward="33"/>
      </proposal>
      <response name="58Spq" role-name="Amazon" agree="false"/>
      <response name="EvX1I" role-name="Google" agree="true"/>
    </round>
    <round num="84">
      <proposal name="58Spq" role-name="Amazon" reward="50">
        <ally name="HIlU2" role-name="Facebook" reward="50"/>
      </proposal>
      <response name="HIlU2" role-name="Facebook" agree="false"/>
    </round>
    <round num="85">
      <proposal name="EvX1I" role-name="Google" reward="50">
        <ally name="58Spq" role-name="Amazon" reward="50"/>
      </proposal>
      <response name="58Spq" role-name="Amazon" agree="true"/>
    </round>
  </session>
  <session num="32">
    <round num="86">
      <proposal name="HIlU2" role-name="Facebook" reward="33">
        <ally name="EvX1I" role-name="Google" reward="33"/>
        <ally name="58Spq" role-name="Amazon" reward="33"/>
      </proposal>
      <response name="EvX1I" role-name="Google" agree="true"/>
      <response name="58Spq" role-name="Amazon" agree="false"/>
    </round>
    <round num="87">
      <proposal name="58Spq" role-name="Amazon" reward="50">
        <ally name="HIlU2" role-name="Facebook" reward="50"/>
      </proposal>
      <response name="HIlU2" role-name="Facebook" agree="false"/>
    </round>
    <round num="88">
      <proposal name="EvX1I" role-name="Google" reward="50">
        <ally name="HIlU2" role-name="Facebook" reward="50"/>
      </proposal>
      <response name="HIlU2" role-name="Facebook" agree="false"/>
    </round>
    <round num="89">
      <proposal name="HIlU2" role-name="Facebook" reward="33">
        <ally name="EvX1I" role-name="Google" reward="33"/>
        <ally name="58Spq" role-name="Amazon" reward="33"/>
      </proposal>
      <response name="EvX1I" role-name="Google" agree="true"/>
      <response name="58Spq" role-name="Amazon" agree="false"/>
    </round>
    <round num="90">
      <proposal name="58Spq" role-name="Amazon" reward="50">
        <ally name="EvX1I" role-name="Google" reward="50"/>
      </proposal>
      <response name="EvX1I" role-name="Google" agree="true"/>
    </round>
  </session>
  <session num="33">
    <round num="91">
      <proposal name="EvX1I" role-name="Google" reward="50">
        <ally name="HIlU2" role-name="Facebook" reward="50"/>
      </proposal>
      <response name="HIlU2" role-name="Facebook" agree="false"/>
    </round>
    <round num="92">
      <proposal name="HIlU2" role-name="Facebook" reward="33">
        <ally name="EvX1I" role-name="Google" reward="33"/>
        <ally name="58Spq" role-name="Amazon" reward="33"/>
      </proposal>
      <response name="EvX1I" role-name="Google" agree="true"/>
      <response name="58Spq" role-name="Amazon" agree="false"/>
    </round>
    <round num="93">
      <proposal name="58Spq" role-name="Amazon" reward="50">
        <ally name="EvX1I" role-name="Google" reward="50"/>
      </proposal>
      <response name="EvX1I" role-name="Google" agree="true"/>
    </round>
  </session>
  <session num="34">
    <round num="94">
      <proposal name="EvX1I" role-name="Google" reward="50">
        <ally name="58Spq" role-name="Amazon" reward="50"/>
      </proposal>
      <response name="58Spq" role-name="Amazon" agree="true"/>
    </round>
  </session>
  <session num="35">
    <round num="95">
      <proposal name="HIlU2" role-name="Facebook" reward="33">
        <ally name="EvX1I" role-name="Google" reward="33"/>
        <ally name="58Spq" role-name="Amazon" reward="33"/>
      </proposal>
      <response name="58Spq" role-name="Amazon" agree="false"/>
      <response name="EvX1I" role-name="Google" agree="true"/>
    </round>
    <round num="96">
      <proposal name="58Spq" role-name="Amazon" reward="50">
        <ally name="EvX1I" role-name="Google" reward="50"/>
      </proposal>
      <response name="EvX1I" role-name="Google" agree="true"/>
    </round>
  </session>
  <session num="36">
    <round num="97">
      <proposal name="EvX1I" role-name="Google" reward="50">
        <ally name="58Spq" role-name="Amazon" reward="50"/>
      </proposal>
      <response name="58Spq" role-name="Amazon" agree="true"/>
    </round>
  </session>
  <session num="37">
    <round num="98">
      <proposal name="HIlU2" role-name="Facebook" reward="33">
        <ally name="EvX1I" role-name="Google" reward="33"/>
        <ally name="58Spq" role-name="Amazon" reward="33"/>
      </proposal>
      <response name="EvX1I" role-name="Google" agree="true"/>
      <response name="58Spq" role-name="Amazon" agree="false"/>
    </round>
    <round num="99">
      <proposal name="58Spq" role-name="Amazon" reward="50">
        <ally name="EvX1I" role-name="Google" reward="50"/>
      </proposal>
      <response name="EvX1I" role-name="Google" agree="true"/>
    </round>
  </session>
  <session num="38">
    <round num="100">
      <proposal name="EvX1I" role-name="Google" reward="50">
        <ally name="58Spq" role-name="Amazon" reward="50"/>
      </proposal>
      <response name="58Spq" role-name="Amazon" agree="true"/>
    </round>
  </session>
  <session num="39">
    <round num="101">
      <proposal name="HIlU2" role-name="Facebook" reward="33">
        <ally name="EvX1I" role-name="Google" reward="33"/>
        <ally name="58Spq" role-name="Amazon" reward="33"/>
      </proposal>
      <response name="58Spq" role-name="Amazon" agree="false"/>
      <response name="EvX1I" role-name="Google" agree="true"/>
    </round>
    <round num="102">
      <proposal name="58Spq" role-name="Amazon" reward="50">
        <ally name="HIlU2" role-name="Facebook" reward="50"/>
      </proposal>
      <response name="HIlU2" role-name="Facebook" agree="false"/>
    </round>
    <round num="103">
      <proposal name="EvX1I" role-name="Google" reward="50">
        <ally name="58Spq" role-name="Amazon" reward="50"/>
      </proposal>
      <response name="58Spq" role-name="Amazon" agree="true"/>
    </round>
  </session>
  <session num="40">
    <round num="104">
      <proposal name="HIlU2" role-name="Facebook" reward="33">
        <ally name="EvX1I" role-name="Google" reward="33"/>
        <ally name="58Spq" role-name="Amazon" reward="33"/>
      </proposal>
      <response name="58Spq" role-name="Amazon" agree="false"/>
      <response name="EvX1I" role-name="Google" agree="true"/>
    </round>
    <round num="105">
      <proposal name="58Spq" role-name="Amazon" reward="50">
        <ally name="HIlU2" role-name="Facebook" reward="50"/>
      </proposal>
      <response name="HIlU2" role-name="Facebook" agree="false"/>
    </round>
    <round num="106">
      <proposal name="EvX1I" role-name="Google" reward="50">
        <ally name="58Spq" role-name="Amazon" reward="50"/>
      </proposal>
      <response name="58Spq" role-name="Amazon" agree="true"/>
    </round>
  </session>
  <session num="41">
    <round num="107">
      <proposal name="HIlU2" role-name="Facebook" reward="33">
        <ally name="EvX1I" role-name="Google" reward="33"/>
        <ally name="58Spq" role-name="Amazon" reward="33"/>
      </proposal>
      <response name="58Spq" role-name="Amazon" agree="false"/>
      <response name="EvX1I" role-name="Google" agree="true"/>
    </round>
    <round num="108">
      <proposal name="58Spq" role-name="Amazon" reward="50">
        <ally name="EvX1I" role-name="Google" reward="50"/>
      </proposal>
      <response name="EvX1I" role-name="Google" agree="true"/>
    </round>
  </session>
  <session num="42">
    <round num="109">
      <proposal name="EvX1I" role-name="Google" reward="33">
        <ally name="HIlU2" role-name="Facebook" reward="33"/>
        <ally name="58Spq" role-name="Amazon" reward="33"/>
      </proposal>
      <response name="HIlU2" role-name="Facebook" agree="true"/>
      <response name="58Spq" role-name="Amazon" agree="false"/>
    </round>
    <round num="110">
      <proposal name="HIlU2" role-name="Facebook" reward="33">
        <ally name="EvX1I" role-name="Google" reward="33"/>
        <ally name="58Spq" role-name="Amazon" reward="33"/>
      </proposal>
      <response name="EvX1I" role-name="Google" agree="true"/>
      <response name="58Spq" role-name="Amazon" agree="false"/>
    </round>
    <round num="111">
      <proposal name="58Spq" role-name="Amazon" reward="50">
        <ally name="EvX1I" role-name="Google" reward="50"/>
      </proposal>
      <response name="EvX1I" role-name="Google" agree="true"/>
    </round>
  </session>
  <session num="43">
    <round num="112">
      <proposal name="EvX1I" role-name="Google" reward="50">
        <ally name="HIlU2" role-name="Facebook" reward="50"/>
      </proposal>
      <response name="HIlU2" role-name="Facebook" agree="false"/>
    </round>
    <round num="113">
      <proposal name="HIlU2" role-name="Facebook" reward="33">
        <ally name="EvX1I" role-name="Google" reward="33"/>
        <ally name="58Spq" role-name="Amazon" reward="33"/>
      </proposal>
      <response name="58Spq" role-name="Amazon" agree="false"/>
      <response name="EvX1I" role-name="Google" agree="true"/>
    </round>
    <round num="114">
      <proposal name="58Spq" role-name="Amazon" reward="50">
        <ally name="EvX1I" role-name="Google" reward="50"/>
      </proposal>
      <response name="EvX1I" role-name="Google" agree="true"/>
    </round>
  </session>
  <session num="44">
    <round num="115">
      <proposal name="EvX1I" role-name="Google" reward="50">
        <ally name="HIlU2" role-name="Facebook" reward="50"/>
      </proposal>
      <response name="HIlU2" role-name="Facebook" agree="false"/>
    </round>
    <round num="116">
      <proposal name="HIlU2" role-name="Facebook" reward="33">
        <ally name="EvX1I" role-name="Google" reward="33"/>
        <ally name="58Spq" role-name="Amazon" reward="33"/>
      </proposal>
      <response name="58Spq" role-name="Amazon" agree="false"/>
      <response name="EvX1I" role-name="Google" agree="true"/>
    </round>
    <round num="117">
      <proposal name="58Spq" role-name="Amazon" reward="50">
        <ally name="EvX1I" role-name="Google" reward="50"/>
      </proposal>
      <response name="EvX1I" role-name="Google" agree="true"/>
    </round>
  </session>
  <session num="45">
    <round num="118">
      <proposal name="EvX1I" role-name="Google" reward="33">
        <ally name="HIlU2" role-name="Facebook" reward="33"/>
        <ally name="58Spq" role-name="Amazon" reward="33"/>
      </proposal>
      <response name="58Spq" role-name="Amazon" agree="false"/>
      <response name="HIlU2" role-name="Facebook" agree="true"/>
    </round>
    <round num="119">
      <proposal name="HIlU2" role-name="Facebook" reward="33">
        <ally name="EvX1I" role-name="Google" reward="33"/>
        <ally name="58Spq" role-name="Amazon" reward="33"/>
      </proposal>
      <response name="EvX1I" role-name="Google" agree="true"/>
      <response name="58Spq" role-name="Amazon" agree="false"/>
    </round>
    <round num="120">
      <proposal name="58Spq" role-name="Amazon" reward="50">
        <ally name="EvX1I" role-name="Google" reward="50"/>
      </proposal>
      <response name="EvX1I" role-name="Google" agree="true"/>
    </round>
  </session>
  <session num="46">
    <round num="121">
      <proposal name="EvX1I" role-name="Google" reward="33">
        <ally name="HIlU2" role-name="Facebook" reward="33"/>
        <ally name="58Spq" role-name="Amazon" reward="33"/>
      </proposal>
      <response name="58Spq" role-name="Amazon" agree="false"/>
      <response name="HIlU2" role-name="Facebook" agree="true"/>
    </round>
    <round num="122">
      <proposal name="HIlU2" role-name="Facebook" reward="33">
        <ally name="EvX1I" role-name="Google" reward="33"/>
        <ally name="58Spq" role-name="Amazon" reward="33"/>
      </proposal>
      <response name="58Spq" role-name="Amazon" agree="false"/>
      <response name="EvX1I" role-name="Google" agree="true"/>
    </round>
    <round num="123">
      <proposal name="58Spq" role-name="Amazon" reward="50">
        <ally name="HIlU2" role-name="Facebook" reward="50"/>
      </proposal>
      <response name="HIlU2" role-name="Facebook" agree="false"/>
    </round>
    <round num="124">
      <proposal name="EvX1I" role-name="Google" reward="50">
        <ally name="58Spq" role-name="Amazon" reward="50"/>
      </proposal>
      <response name="58Spq" role-name="Amazon" agree="true"/>
    </round>
  </session>
  <session num="47">
    <round num="125">
      <proposal name="HIlU2" role-name="Facebook" reward="33">
        <ally name="EvX1I" role-name="Google" reward="33"/>
        <ally name="58Spq" role-name="Amazon" reward="33"/>
      </proposal>
      <response name="58Spq" role-name="Amazon" agree="false"/>
      <response name="EvX1I" role-name="Google" agree="true"/>
    </round>
    <round num="126">
      <proposal name="58Spq" role-name="Amazon" reward="50">
        <ally name="EvX1I" role-name="Google" reward="50"/>
      </proposal>
      <response name="EvX1I" role-name="Google" agree="true"/>
    </round>
  </session>
  <session num="48">
    <round num="127">
      <proposal name="EvX1I" role-name="Google" reward="33">
        <ally name="HIlU2" role-name="Facebook" reward="33"/>
        <ally name="58Spq" role-name="Amazon" reward="33"/>
      </proposal>
      <response name="HIlU2" role-name="Facebook" agree="true"/>
      <response name="58Spq" role-name="Amazon" agree="false"/>
    </round>
    <round num="128">
      <proposal name="HIlU2" role-name="Facebook" reward="33">
        <ally name="EvX1I" role-name="Google" reward="33"/>
        <ally name="58Spq" role-name="Amazon" reward="33"/>
      </proposal>
      <response name="58Spq" role-name="Amazon" agree="false"/>
      <response name="EvX1I" role-name="Google" agree="true"/>
    </round>
    <round num="129">
      <proposal name="58Spq" role-name="Amazon" reward="50">
        <ally name="HIlU2" role-name="Facebook" reward="50"/>
      </proposal>
      <response name="HIlU2" role-name="Facebook" agree="false"/>
    </round>
    <round num="130">
      <proposal name="EvX1I" role-name="Google" reward="33">
        <ally name="HIlU2" role-name="Facebook" reward="33"/>
        <ally name="58Spq" role-name="Amazon" reward="33"/>
      </proposal>
      <response name="HIlU2" role-name="Facebook" agree="true"/>
      <response name="58Spq" role-name="Amazon" agree="false"/>
    </round>
    <round num="131">
      <proposal name="HIlU2" role-name="Facebook" reward="33">
        <ally name="EvX1I" role-name="Google" reward="33"/>
        <ally name="58Spq" role-name="Amazon" reward="33"/>
      </proposal>
      <response name="58Spq" role-name="Amazon" agree="false"/>
      <response name="EvX1I" role-name="Google" agree="true"/>
    </round>
    <round num="132">
      <proposal name="58Spq" role-name="Amazon" reward="50">
        <ally name="EvX1I" role-name="Google" reward="50"/>
      </proposal>
      <response name="EvX1I" role-name="Google" agree="true"/>
    </round>
  </session>
  <session num="49">
    <round num="133">
      <proposal name="EvX1I" role-name="Google" reward="50">
        <ally name="HIlU2" role-name="Facebook" reward="50"/>
      </proposal>
      <response name="HIlU2" role-name="Facebook" agree="false"/>
    </round>
    <round num="134">
      <proposal name="HIlU2" role-name="Facebook" reward="33">
        <ally name="EvX1I" role-name="Google" reward="33"/>
        <ally name="58Spq" role-name="Amazon" reward="33"/>
      </proposal>
      <response name="EvX1I" role-name="Google" agree="true"/>
      <response name="58Spq" role-name="Amazon" agree="false"/>
    </round>
    <round num="135">
      <proposal name="58Spq" role-name="Amazon" reward="50">
        <ally name="HIlU2" role-name="Facebook" reward="50"/>
      </proposal>
      <response name="HIlU2" role-name="Facebook" agree="false"/>
    </round>
    <round num="136">
      <proposal name="EvX1I" role-name="Google" reward="50">
        <ally name="58Spq" role-name="Amazon" reward="50"/>
      </proposal>
      <response name="58Spq" role-name="Amazon" agree="true"/>
    </round>
  </session>
  <session num="50">
    <round num="137">
      <proposal name="HIlU2" role-name="Facebook" reward="33">
        <ally name="EvX1I" role-name="Google" reward="33"/>
        <ally name="58Spq" role-name="Amazon" reward="33"/>
      </proposal>
      <response name="58Spq" role-name="Amazon" agree="false"/>
      <response name="EvX1I" role-name="Google" agree="true"/>
    </round>
    <round num="138">
      <proposal name="58Spq" role-name="Amazon" reward="50">
        <ally name="EvX1I" role-name="Google" reward="50"/>
      </proposal>
      <response name="EvX1I" role-name="Google" agree="true"/>
    </round>
  </session>
</game>
