<?xml version="1.0" encoding="UTF-8"?>

<game id="278D1D50BE2D44BC" name="Scene41" majority="6">
  <knowledge party-num="0" role-name="Google" resource="3" talent="0.0">true, true, true</knowledge>
  <knowledge party-num="1" role-name="Facebook" resource="3" talent="0.0">true, true, true</knowledge>
  <knowledge party-num="2" role-name="Amazon" resource="5" talent="0.0">true, true, true</knowledge>
  <player name="rEdQj" desc="" role-name="Amazon" type="REMOTE_AGENT" path="AgentProselfB"/>
  <player name="xGM27" desc="" role-name="Google" type="REMOTE_AGENT" path="Agent"/>
  <player name="H5ugi" desc="" role-name="Facebook" type="REMOTE_AGENT" path="AgentProsocialA"/>
  <session num="1">
    <round num="1">
      <proposal name="xGM27" role-name="Google" reward="50">
        <ally name="H5ugi" role-name="Facebook" reward="50"/>
      </proposal>
      <response name="H5ugi" role-name="Facebook" agree="false"/>
    </round>
    <round num="2">
      <proposal name="H5ugi" role-name="Facebook" reward="33">
        <ally name="rEdQj" role-name="Amazon" reward="33"/>
        <ally name="xGM27" role-name="Google" reward="33"/>
      </proposal>
      <response name="xGM27" role-name="Google" agree="true"/>
      <response name="rEdQj" role-name="Amazon" agree="false"/>
    </round>
    <round num="3">
      <proposal name="rEdQj" role-name="Amazon" reward="50">
        <ally name="H5ugi" role-name="Facebook" reward="50"/>
      </proposal>
      <response name="H5ugi" role-name="Facebook" agree="false"/>
    </round>
    <round num="4">
      <proposal name="xGM27" role-name="Google" reward="50">
        <ally name="H5ugi" role-name="Facebook" reward="50"/>
      </proposal>
      <response name="H5ugi" role-name="Facebook" agree="false"/>
    </round>
    <round num="5">
      <proposal name="H5ugi" role-name="Facebook" reward="33">
        <ally name="rEdQj" role-name="Amazon" reward="33"/>
        <ally name="xGM27" role-name="Google" reward="33"/>
      </proposal>
      <response name="rEdQj" role-name="Amazon" agree="false"/>
      <response name="xGM27" role-name="Google" agree="true"/>
    </round>
    <round num="6">
      <proposal name="rEdQj" role-name="Amazon" reward="50">
        <ally name="xGM27" role-name="Google" reward="50"/>
      </proposal>
      <response name="xGM27" role-name="Google" agree="true"/>
    </round>
  </session>
  <session num="2">
    <round num="7">
      <proposal name="xGM27" role-name="Google" reward="50">
        <ally name="H5ugi" role-name="Facebook" reward="50"/>
      </proposal>
      <response name="H5ugi" role-name="Facebook" agree="false"/>
    </round>
    <round num="8">
      <proposal name="H5ugi" role-name="Facebook" reward="33">
        <ally name="rEdQj" role-name="Amazon" reward="33"/>
        <ally name="xGM27" role-name="Google" reward="33"/>
      </proposal>
      <response name="xGM27" role-name="Google" agree="true"/>
      <response name="rEdQj" role-name="Amazon" agree="false"/>
    </round>
    <round num="9">
      <proposal name="rEdQj" role-name="Amazon" reward="50">
        <ally name="xGM27" role-name="Google" reward="50"/>
      </proposal>
      <response name="xGM27" role-name="Google" agree="true"/>
    </round>
  </session>
  <session num="3">
    <round num="10">
      <proposal name="xGM27" role-name="Google" reward="50">
        <ally name="H5ugi" role-name="Facebook" reward="50"/>
      </proposal>
      <response name="H5ugi" role-name="Facebook" agree="false"/>
    </round>
    <round num="11">
      <proposal name="H5ugi" role-name="Facebook" reward="33">
        <ally name="rEdQj" role-name="Amazon" reward="33"/>
        <ally name="xGM27" role-name="Google" reward="33"/>
      </proposal>
      <response name="rEdQj" role-name="Amazon" agree="false"/>
      <response name="xGM27" role-name="Google" agree="true"/>
    </round>
    <round num="12">
      <proposal name="rEdQj" role-name="Amazon" reward="50">
        <ally name="xGM27" role-name="Google" reward="50"/>
      </proposal>
      <response name="xGM27" role-name="Google" agree="true"/>
    </round>
  </session>
  <session num="4">
    <round num="13">
      <proposal name="xGM27" role-name="Google" reward="50">
        <ally name="H5ugi" role-name="Facebook" reward="50"/>
      </proposal>
      <response name="H5ugi" role-name="Facebook" agree="false"/>
    </round>
    <round num="14">
      <proposal name="H5ugi" role-name="Facebook" reward="33">
        <ally name="rEdQj" role-name="Amazon" reward="33"/>
        <ally name="xGM27" role-name="Google" reward="33"/>
      </proposal>
      <response name="rEdQj" role-name="Amazon" agree="false"/>
      <response name="xGM27" role-name="Google" agree="true"/>
    </round>
    <round num="15">
      <proposal name="rEdQj" role-name="Amazon" reward="50">
        <ally name="xGM27" role-name="Google" reward="50"/>
      </proposal>
      <response name="xGM27" role-name="Google" agree="true"/>
    </round>
  </session>
  <session num="5">
    <round num="16">
      <proposal name="xGM27" role-name="Google" reward="50">
        <ally name="H5ugi" role-name="Facebook" reward="50"/>
      </proposal>
      <response name="H5ugi" role-name="Facebook" agree="false"/>
    </round>
    <round num="17">
      <proposal name="H5ugi" role-name="Facebook" reward="33">
        <ally name="rEdQj" role-name="Amazon" reward="33"/>
        <ally name="xGM27" role-name="Google" reward="33"/>
      </proposal>
      <response name="rEdQj" role-name="Amazon" agree="false"/>
      <response name="xGM27" role-name="Google" agree="true"/>
    </round>
    <round num="18">
      <proposal name="rEdQj" role-name="Amazon" reward="50">
        <ally name="xGM27" role-name="Google" reward="50"/>
      </proposal>
      <response name="xGM27" role-name="Google" agree="true"/>
    </round>
  </session>
  <session num="6">
    <round num="19">
      <proposal name="xGM27" role-name="Google" reward="50">
        <ally name="H5ugi" role-name="Facebook" reward="50"/>
      </proposal>
      <response name="H5ugi" role-name="Facebook" agree="false"/>
    </round>
    <round num="20">
      <proposal name="H5ugi" role-name="Facebook" reward="33">
        <ally name="rEdQj" role-name="Amazon" reward="33"/>
        <ally name="xGM27" role-name="Google" reward="33"/>
      </proposal>
      <response name="rEdQj" role-name="Amazon" agree="false"/>
      <response name="xGM27" role-name="Google" agree="true"/>
    </round>
    <round num="21">
      <proposal name="rEdQj" role-name="Amazon" reward="50">
        <ally name="H5ugi" role-name="Facebook" reward="50"/>
      </proposal>
      <response name="H5ugi" role-name="Facebook" agree="false"/>
    </round>
    <round num="22">
      <proposal name="xGM27" role-name="Google" reward="50">
        <ally name="H5ugi" role-name="Facebook" reward="50"/>
      </proposal>
      <response name="H5ugi" role-name="Facebook" agree="false"/>
    </round>
    <round num="23">
      <proposal name="H5ugi" role-name="Facebook" reward="33">
        <ally name="rEdQj" role-name="Amazon" reward="33"/>
        <ally name="xGM27" role-name="Google" reward="33"/>
      </proposal>
      <response name="rEdQj" role-name="Amazon" agree="false"/>
      <response name="xGM27" role-name="Google" agree="true"/>
    </round>
    <round num="24">
      <proposal name="rEdQj" role-name="Amazon" reward="50">
        <ally name="xGM27" role-name="Google" reward="50"/>
      </proposal>
      <response name="xGM27" role-name="Google" agree="true"/>
    </round>
  </session>
  <session num="7">
    <round num="25">
      <proposal name="xGM27" role-name="Google" reward="50">
        <ally name="H5ugi" role-name="Facebook" reward="50"/>
      </proposal>
      <response name="H5ugi" role-name="Facebook" agree="false"/>
    </round>
    <round num="26">
      <proposal name="H5ugi" role-name="Facebook" reward="33">
        <ally name="rEdQj" role-name="Amazon" reward="33"/>
        <ally name="xGM27" role-name="Google" reward="33"/>
      </proposal>
      <response name="rEdQj" role-name="Amazon" agree="false"/>
      <response name="xGM27" role-name="Google" agree="true"/>
    </round>
    <round num="27">
      <proposal name="rEdQj" role-name="Amazon" reward="50">
        <ally name="xGM27" role-name="Google" reward="50"/>
      </proposal>
      <response name="xGM27" role-name="Google" agree="true"/>
    </round>
  </session>
  <session num="8">
    <round num="28">
      <proposal name="xGM27" role-name="Google" reward="50">
        <ally name="H5ugi" role-name="Facebook" reward="50"/>
      </proposal>
      <response name="H5ugi" role-name="Facebook" agree="false"/>
    </round>
    <round num="29">
      <proposal name="H5ugi" role-name="Facebook" reward="33">
        <ally name="rEdQj" role-name="Amazon" reward="33"/>
        <ally name="xGM27" role-name="Google" reward="33"/>
      </proposal>
      <response name="rEdQj" role-name="Amazon" agree="false"/>
      <response name="xGM27" role-name="Google" agree="true"/>
    </round>
    <round num="30">
      <proposal name="rEdQj" role-name="Amazon" reward="50">
        <ally name="H5ugi" role-name="Facebook" reward="50"/>
      </proposal>
      <response name="H5ugi" role-name="Facebook" agree="false"/>
    </round>
    <round num="31">
      <proposal name="xGM27" role-name="Google" reward="50">
        <ally name="H5ugi" role-name="Facebook" reward="50"/>
      </proposal>
      <response name="H5ugi" role-name="Facebook" agree="false"/>
    </round>
    <round num="32">
      <proposal name="H5ugi" role-name="Facebook" reward="33">
        <ally name="rEdQj" role-name="Amazon" reward="33"/>
        <ally name="xGM27" role-name="Google" reward="33"/>
      </proposal>
      <response name="xGM27" role-name="Google" agree="true"/>
      <response name="rEdQj" role-name="Amazon" agree="false"/>
    </round>
    <round num="33">
      <proposal name="rEdQj" role-name="Amazon" reward="50">
        <ally name="xGM27" role-name="Google" reward="50"/>
      </proposal>
      <response name="xGM27" role-name="Google" agree="true"/>
    </round>
  </session>
  <session num="9">
    <round num="34">
      <proposal name="xGM27" role-name="Google" reward="50">
        <ally name="H5ugi" role-name="Facebook" reward="50"/>
      </proposal>
      <response name="H5ugi" role-name="Facebook" agree="false"/>
    </round>
    <round num="35">
      <proposal name="H5ugi" role-name="Facebook" reward="33">
        <ally name="rEdQj" role-name="Amazon" reward="33"/>
        <ally name="xGM27" role-name="Google" reward="33"/>
      </proposal>
      <response name="xGM27" role-name="Google" agree="true"/>
      <response name="rEdQj" role-name="Amazon" agree="false"/>
    </round>
    <round num="36">
      <proposal name="rEdQj" role-name="Amazon" reward="50">
        <ally name="xGM27" role-name="Google" reward="50"/>
      </proposal>
      <response name="xGM27" role-name="Google" agree="true"/>
    </round>
  </session>
  <session num="10">
    <round num="37">
      <proposal name="xGM27" role-name="Google" reward="50">
        <ally name="H5ugi" role-name="Facebook" reward="50"/>
      </proposal>
      <response name="H5ugi" role-name="Facebook" agree="false"/>
    </round>
    <round num="38">
      <proposal name="H5ugi" role-name="Facebook" reward="33">
        <ally name="rEdQj" role-name="Amazon" reward="33"/>
        <ally name="xGM27" role-name="Google" reward="33"/>
      </proposal>
      <response name="rEdQj" role-name="Amazon" agree="false"/>
      <response name="xGM27" role-name="Google" agree="true"/>
    </round>
    <round num="39">
      <proposal name="rEdQj" role-name="Amazon" reward="50">
        <ally name="xGM27" role-name="Google" reward="50"/>
      </proposal>
      <response name="xGM27" role-name="Google" agree="true"/>
    </round>
  </session>
  <session num="11">
    <round num="40">
      <proposal name="xGM27" role-name="Google" reward="50">
        <ally name="H5ugi" role-name="Facebook" reward="50"/>
      </proposal>
      <response name="H5ugi" role-name="Facebook" agree="false"/>
    </round>
    <round num="41">
      <proposal name="H5ugi" role-name="Facebook" reward="33">
        <ally name="rEdQj" role-name="Amazon" reward="33"/>
        <ally name="xGM27" role-name="Google" reward="33"/>
      </proposal>
      <response name="xGM27" role-name="Google" agree="true"/>
      <response name="rEdQj" role-name="Amazon" agree="false"/>
    </round>
    <round num="42">
      <proposal name="rEdQj" role-name="Amazon" reward="50">
        <ally name="H5ugi" role-name="Facebook" reward="50"/>
      </proposal>
      <response name="H5ugi" role-name="Facebook" agree="false"/>
    </round>
    <round num="43">
      <proposal name="xGM27" role-name="Google" reward="50">
        <ally name="H5ugi" role-name="Facebook" reward="50"/>
      </proposal>
      <response name="H5ugi" role-name="Facebook" agree="false"/>
    </round>
    <round num="44">
      <proposal name="H5ugi" role-name="Facebook" reward="33">
        <ally name="rEdQj" role-name="Amazon" reward="33"/>
        <ally name="xGM27" role-name="Google" reward="33"/>
      </proposal>
      <response name="rEdQj" role-name="Amazon" agree="false"/>
      <response name="xGM27" role-name="Google" agree="true"/>
    </round>
    <round num="45">
      <proposal name="rEdQj" role-name="Amazon" reward="50">
        <ally name="xGM27" role-name="Google" reward="50"/>
      </proposal>
      <response name="xGM27" role-name="Google" agree="true"/>
    </round>
  </session>
  <session num="12">
    <round num="46">
      <proposal name="xGM27" role-name="Google" reward="50">
        <ally name="H5ugi" role-name="Facebook" reward="50"/>
      </proposal>
      <response name="H5ugi" role-name="Facebook" agree="false"/>
    </round>
    <round num="47">
      <proposal name="H5ugi" role-name="Facebook" reward="33">
        <ally name="rEdQj" role-name="Amazon" reward="33"/>
        <ally name="xGM27" role-name="Google" reward="33"/>
      </proposal>
      <response name="rEdQj" role-name="Amazon" agree="false"/>
      <response name="xGM27" role-name="Google" agree="true"/>
    </round>
    <round num="48">
      <proposal name="rEdQj" role-name="Amazon" reward="50">
        <ally name="xGM27" role-name="Google" reward="50"/>
      </proposal>
      <response name="xGM27" role-name="Google" agree="true"/>
    </round>
  </session>
  <session num="13">
    <round num="49">
      <proposal name="xGM27" role-name="Google" reward="50">
        <ally name="H5ugi" role-name="Facebook" reward="50"/>
      </proposal>
      <response name="H5ugi" role-name="Facebook" agree="false"/>
    </round>
    <round num="50">
      <proposal name="H5ugi" role-name="Facebook" reward="33">
        <ally name="rEdQj" role-name="Amazon" reward="33"/>
        <ally name="xGM27" role-name="Google" reward="33"/>
      </proposal>
      <response name="xGM27" role-name="Google" agree="true"/>
      <response name="rEdQj" role-name="Amazon" agree="false"/>
    </round>
    <round num="51">
      <proposal name="rEdQj" role-name="Amazon" reward="50">
        <ally name="H5ugi" role-name="Facebook" reward="50"/>
      </proposal>
      <response name="H5ugi" role-name="Facebook" agree="false"/>
    </round>
    <round num="52">
      <proposal name="xGM27" role-name="Google" reward="50">
        <ally name="H5ugi" role-name="Facebook" reward="50"/>
      </proposal>
      <response name="H5ugi" role-name="Facebook" agree="false"/>
    </round>
    <round num="53">
      <proposal name="H5ugi" role-name="Facebook" reward="33">
        <ally name="rEdQj" role-name="Amazon" reward="33"/>
        <ally name="xGM27" role-name="Google" reward="33"/>
      </proposal>
      <response name="xGM27" role-name="Google" agree="true"/>
      <response name="rEdQj" role-name="Amazon" agree="false"/>
    </round>
    <round num="54">
      <proposal name="rEdQj" role-name="Amazon" reward="50">
        <ally name="xGM27" role-name="Google" reward="50"/>
      </proposal>
      <response name="xGM27" role-name="Google" agree="true"/>
    </round>
  </session>
  <session num="14">
    <round num="55">
      <proposal name="xGM27" role-name="Google" reward="50">
        <ally name="H5ugi" role-name="Facebook" reward="50"/>
      </proposal>
      <response name="H5ugi" role-name="Facebook" agree="false"/>
    </round>
    <round num="56">
      <proposal name="H5ugi" role-name="Facebook" reward="33">
        <ally name="rEdQj" role-name="Amazon" reward="33"/>
        <ally name="xGM27" role-name="Google" reward="33"/>
      </proposal>
      <response name="rEdQj" role-name="Amazon" agree="false"/>
      <response name="xGM27" role-name="Google" agree="true"/>
    </round>
    <round num="57">
      <proposal name="rEdQj" role-name="Amazon" reward="50">
        <ally name="xGM27" role-name="Google" reward="50"/>
      </proposal>
      <response name="xGM27" role-name="Google" agree="true"/>
    </round>
  </session>
  <session num="15">
    <round num="58">
      <proposal name="xGM27" role-name="Google" reward="50">
        <ally name="H5ugi" role-name="Facebook" reward="50"/>
      </proposal>
      <response name="H5ugi" role-name="Facebook" agree="false"/>
    </round>
    <round num="59">
      <proposal name="H5ugi" role-name="Facebook" reward="33">
        <ally name="rEdQj" role-name="Amazon" reward="33"/>
        <ally name="xGM27" role-name="Google" reward="33"/>
      </proposal>
      <response name="rEdQj" role-name="Amazon" agree="false"/>
      <response name="xGM27" role-name="Google" agree="true"/>
    </round>
    <round num="60">
      <proposal name="rEdQj" role-name="Amazon" reward="50">
        <ally name="H5ugi" role-name="Facebook" reward="50"/>
      </proposal>
      <response name="H5ugi" role-name="Facebook" agree="false"/>
    </round>
    <round num="61">
      <proposal name="xGM27" role-name="Google" reward="50">
        <ally name="H5ugi" role-name="Facebook" reward="50"/>
      </proposal>
      <response name="H5ugi" role-name="Facebook" agree="false"/>
    </round>
    <round num="62">
      <proposal name="H5ugi" role-name="Facebook" reward="33">
        <ally name="rEdQj" role-name="Amazon" reward="33"/>
        <ally name="xGM27" role-name="Google" reward="33"/>
      </proposal>
      <response name="rEdQj" role-name="Amazon" agree="false"/>
      <response name="xGM27" role-name="Google" agree="true"/>
    </round>
    <round num="63">
      <proposal name="rEdQj" role-name="Amazon" reward="50">
        <ally name="xGM27" role-name="Google" reward="50"/>
      </proposal>
      <response name="xGM27" role-name="Google" agree="true"/>
    </round>
  </session>
  <session num="16">
    <round num="64">
      <proposal name="xGM27" role-name="Google" reward="50">
        <ally name="H5ugi" role-name="Facebook" reward="50"/>
      </proposal>
      <response name="H5ugi" role-name="Facebook" agree="false"/>
    </round>
    <round num="65">
      <proposal name="H5ugi" role-name="Facebook" reward="33">
        <ally name="rEdQj" role-name="Amazon" reward="33"/>
        <ally name="xGM27" role-name="Google" reward="33"/>
      </proposal>
      <response name="xGM27" role-name="Google" agree="true"/>
      <response name="rEdQj" role-name="Amazon" agree="false"/>
    </round>
    <round num="66">
      <proposal name="rEdQj" role-name="Amazon" reward="50">
        <ally name="xGM27" role-name="Google" reward="50"/>
      </proposal>
      <response name="xGM27" role-name="Google" agree="true"/>
    </round>
  </session>
  <session num="17">
    <round num="67">
      <proposal name="xGM27" role-name="Google" reward="50">
        <ally name="H5ugi" role-name="Facebook" reward="50"/>
      </proposal>
      <response name="H5ugi" role-name="Facebook" agree="false"/>
    </round>
    <round num="68">
      <proposal name="H5ugi" role-name="Facebook" reward="33">
        <ally name="rEdQj" role-name="Amazon" reward="33"/>
        <ally name="xGM27" role-name="Google" reward="33"/>
      </proposal>
      <response name="rEdQj" role-name="Amazon" agree="false"/>
      <response name="xGM27" role-name="Google" agree="true"/>
    </round>
    <round num="69">
      <proposal name="rEdQj" role-name="Amazon" reward="50">
        <ally name="H5ugi" role-name="Facebook" reward="50"/>
      </proposal>
      <response name="H5ugi" role-name="Facebook" agree="false"/>
    </round>
    <round num="70">
      <proposal name="xGM27" role-name="Google" reward="50">
        <ally name="H5ugi" role-name="Facebook" reward="50"/>
      </proposal>
      <response name="H5ugi" role-name="Facebook" agree="false"/>
    </round>
    <round num="71">
      <proposal name="H5ugi" role-name="Facebook" reward="33">
        <ally name="rEdQj" role-name="Amazon" reward="33"/>
        <ally name="xGM27" role-name="Google" reward="33"/>
      </proposal>
      <response name="xGM27" role-name="Google" agree="true"/>
      <response name="rEdQj" role-name="Amazon" agree="false"/>
    </round>
    <round num="72">
      <proposal name="rEdQj" role-name="Amazon" reward="50">
        <ally name="xGM27" role-name="Google" reward="50"/>
      </proposal>
      <response name="xGM27" role-name="Google" agree="true"/>
    </round>
  </session>
  <session num="18">
    <round num="73">
      <proposal name="xGM27" role-name="Google" reward="50">
        <ally name="H5ugi" role-name="Facebook" reward="50"/>
      </proposal>
      <response name="H5ugi" role-name="Facebook" agree="false"/>
    </round>
    <round num="74">
      <proposal name="H5ugi" role-name="Facebook" reward="33">
        <ally name="rEdQj" role-name="Amazon" reward="33"/>
        <ally name="xGM27" role-name="Google" reward="33"/>
      </proposal>
      <response name="rEdQj" role-name="Amazon" agree="false"/>
      <response name="xGM27" role-name="Google" agree="true"/>
    </round>
    <round num="75">
      <proposal name="rEdQj" role-name="Amazon" reward="50">
        <ally name="H5ugi" role-name="Facebook" reward="50"/>
      </proposal>
      <response name="H5ugi" role-name="Facebook" agree="false"/>
    </round>
    <round num="76">
      <proposal name="xGM27" role-name="Google" reward="50">
        <ally name="H5ugi" role-name="Facebook" reward="50"/>
      </proposal>
      <response name="H5ugi" role-name="Facebook" agree="false"/>
    </round>
    <round num="77">
      <proposal name="H5ugi" role-name="Facebook" reward="33">
        <ally name="rEdQj" role-name="Amazon" reward="33"/>
        <ally name="xGM27" role-name="Google" reward="33"/>
      </proposal>
      <response name="rEdQj" role-name="Amazon" agree="false"/>
      <response name="xGM27" role-name="Google" agree="true"/>
    </round>
    <round num="78">
      <proposal name="rEdQj" role-name="Amazon" reward="50">
        <ally name="xGM27" role-name="Google" reward="50"/>
      </proposal>
      <response name="xGM27" role-name="Google" agree="true"/>
    </round>
  </session>
  <session num="19">
    <round num="79">
      <proposal name="xGM27" role-name="Google" reward="50">
        <ally name="H5ugi" role-name="Facebook" reward="50"/>
      </proposal>
      <response name="H5ugi" role-name="Facebook" agree="false"/>
    </round>
    <round num="80">
      <proposal name="H5ugi" role-name="Facebook" reward="33">
        <ally name="rEdQj" role-name="Amazon" reward="33"/>
        <ally name="xGM27" role-name="Google" reward="33"/>
      </proposal>
      <response name="xGM27" role-name="Google" agree="true"/>
      <response name="rEdQj" role-name="Amazon" agree="false"/>
    </round>
    <round num="81">
      <proposal name="rEdQj" role-name="Amazon" reward="50">
        <ally name="xGM27" role-name="Google" reward="50"/>
      </proposal>
      <response name="xGM27" role-name="Google" agree="true"/>
    </round>
  </session>
  <session num="20">
    <round num="82">
      <proposal name="xGM27" role-name="Google" reward="50">
        <ally name="H5ugi" role-name="Facebook" reward="50"/>
      </proposal>
      <response name="H5ugi" role-name="Facebook" agree="false"/>
    </round>
    <round num="83">
      <proposal name="H5ugi" role-name="Facebook" reward="33">
        <ally name="rEdQj" role-name="Amazon" reward="33"/>
        <ally name="xGM27" role-name="Google" reward="33"/>
      </proposal>
      <response name="xGM27" role-name="Google" agree="true"/>
      <response name="rEdQj" role-name="Amazon" agree="false"/>
    </round>
    <round num="84">
      <proposal name="rEdQj" role-name="Amazon" reward="50">
        <ally name="H5ugi" role-name="Facebook" reward="50"/>
      </proposal>
      <response name="H5ugi" role-name="Facebook" agree="false"/>
    </round>
    <round num="85">
      <proposal name="xGM27" role-name="Google" reward="50">
        <ally name="H5ugi" role-name="Facebook" reward="50"/>
      </proposal>
      <response name="H5ugi" role-name="Facebook" agree="false"/>
    </round>
    <round num="86">
      <proposal name="H5ugi" role-name="Facebook" reward="33">
        <ally name="rEdQj" role-name="Amazon" reward="33"/>
        <ally name="xGM27" role-name="Google" reward="33"/>
      </proposal>
      <response name="xGM27" role-name="Google" agree="true"/>
      <response name="rEdQj" role-name="Amazon" agree="false"/>
    </round>
    <round num="87">
      <proposal name="rEdQj" role-name="Amazon" reward="50">
        <ally name="xGM27" role-name="Google" reward="50"/>
      </proposal>
      <response name="xGM27" role-name="Google" agree="true"/>
    </round>
  </session>
  <session num="21">
    <round num="88">
      <proposal name="xGM27" role-name="Google" reward="50">
        <ally name="H5ugi" role-name="Facebook" reward="50"/>
      </proposal>
      <response name="H5ugi" role-name="Facebook" agree="false"/>
    </round>
    <round num="89">
      <proposal name="H5ugi" role-name="Facebook" reward="33">
        <ally name="rEdQj" role-name="Amazon" reward="33"/>
        <ally name="xGM27" role-name="Google" reward="33"/>
      </proposal>
      <response name="rEdQj" role-name="Amazon" agree="false"/>
      <response name="xGM27" role-name="Google" agree="true"/>
    </round>
    <round num="90">
      <proposal name="rEdQj" role-name="Amazon" reward="50">
        <ally name="xGM27" role-name="Google" reward="50"/>
      </proposal>
      <response name="xGM27" role-name="Google" agree="true"/>
    </round>
  </session>
  <session num="22">
    <round num="91">
      <proposal name="xGM27" role-name="Google" reward="50">
        <ally name="H5ugi" role-name="Facebook" reward="50"/>
      </proposal>
      <response name="H5ugi" role-name="Facebook" agree="false"/>
    </round>
    <round num="92">
      <proposal name="H5ugi" role-name="Facebook" reward="33">
        <ally name="rEdQj" role-name="Amazon" reward="33"/>
        <ally name="xGM27" role-name="Google" reward="33"/>
      </proposal>
      <response name="rEdQj" role-name="Amazon" agree="false"/>
      <response name="xGM27" role-name="Google" agree="true"/>
    </round>
    <round num="93">
      <proposal name="rEdQj" role-name="Amazon" reward="50">
        <ally name="xGM27" role-name="Google" reward="50"/>
      </proposal>
      <response name="xGM27" role-name="Google" agree="true"/>
    </round>
  </session>
  <session num="23">
    <round num="94">
      <proposal name="xGM27" role-name="Google" reward="50">
        <ally name="H5ugi" role-name="Facebook" reward="50"/>
      </proposal>
      <response name="H5ugi" role-name="Facebook" agree="false"/>
    </round>
    <round num="95">
      <proposal name="H5ugi" role-name="Facebook" reward="33">
        <ally name="rEdQj" role-name="Amazon" reward="33"/>
        <ally name="xGM27" role-name="Google" reward="33"/>
      </proposal>
      <response name="rEdQj" role-name="Amazon" agree="false"/>
      <response name="xGM27" role-name="Google" agree="true"/>
    </round>
    <round num="96">
      <proposal name="rEdQj" role-name="Amazon" reward="50">
        <ally name="H5ugi" role-name="Facebook" reward="50"/>
      </proposal>
      <response name="H5ugi" role-name="Facebook" agree="false"/>
    </round>
    <round num="97">
      <proposal name="xGM27" role-name="Google" reward="50">
        <ally name="H5ugi" role-name="Facebook" reward="50"/>
      </proposal>
      <response name="H5ugi" role-name="Facebook" agree="false"/>
    </round>
    <round num="98">
      <proposal name="H5ugi" role-name="Facebook" reward="33">
        <ally name="rEdQj" role-name="Amazon" reward="33"/>
        <ally name="xGM27" role-name="Google" reward="33"/>
      </proposal>
      <response name="rEdQj" role-name="Amazon" agree="false"/>
      <response name="xGM27" role-name="Google" agree="true"/>
    </round>
    <round num="99">
      <proposal name="rEdQj" role-name="Amazon" reward="50">
        <ally name="xGM27" role-name="Google" reward="50"/>
      </proposal>
      <response name="xGM27" role-name="Google" agree="true"/>
    </round>
  </session>
  <session num="24">
    <round num="100">
      <proposal name="xGM27" role-name="Google" reward="50">
        <ally name="H5ugi" role-name="Facebook" reward="50"/>
      </proposal>
      <response name="H5ugi" role-name="Facebook" agree="false"/>
    </round>
    <round num="101">
      <proposal name="H5ugi" role-name="Facebook" reward="33">
        <ally name="rEdQj" role-name="Amazon" reward="33"/>
        <ally name="xGM27" role-name="Google" reward="33"/>
      </proposal>
      <response name="rEdQj" role-name="Amazon" agree="false"/>
      <response name="xGM27" role-name="Google" agree="true"/>
    </round>
    <round num="102">
      <proposal name="rEdQj" role-name="Amazon" reward="50">
        <ally name="xGM27" role-name="Google" reward="50"/>
      </proposal>
      <response name="xGM27" role-name="Google" agree="true"/>
    </round>
  </session>
  <session num="25">
    <round num="103">
      <proposal name="xGM27" role-name="Google" reward="50">
        <ally name="H5ugi" role-name="Facebook" reward="50"/>
      </proposal>
      <response name="H5ugi" role-name="Facebook" agree="false"/>
    </round>
    <round num="104">
      <proposal name="H5ugi" role-name="Facebook" reward="33">
        <ally name="rEdQj" role-name="Amazon" reward="33"/>
        <ally name="xGM27" role-name="Google" reward="33"/>
      </proposal>
      <response name="xGM27" role-name="Google" agree="true"/>
      <response name="rEdQj" role-name="Amazon" agree="false"/>
    </round>
    <round num="105">
      <proposal name="rEdQj" role-name="Amazon" reward="50">
        <ally name="xGM27" role-name="Google" reward="50"/>
      </proposal>
      <response name="xGM27" role-name="Google" agree="true"/>
    </round>
  </session>
  <session num="26">
    <round num="106">
      <proposal name="xGM27" role-name="Google" reward="50">
        <ally name="H5ugi" role-name="Facebook" reward="50"/>
      </proposal>
      <response name="H5ugi" role-name="Facebook" agree="false"/>
    </round>
    <round num="107">
      <proposal name="H5ugi" role-name="Facebook" reward="33">
        <ally name="rEdQj" role-name="Amazon" reward="33"/>
        <ally name="xGM27" role-name="Google" reward="33"/>
      </proposal>
      <response name="xGM27" role-name="Google" agree="true"/>
      <response name="rEdQj" role-name="Amazon" agree="false"/>
    </round>
    <round num="108">
      <proposal name="rEdQj" role-name="Amazon" reward="50">
        <ally name="xGM27" role-name="Google" reward="50"/>
      </proposal>
      <response name="xGM27" role-name="Google" agree="true"/>
    </round>
  </session>
  <session num="27">
    <round num="109">
      <proposal name="xGM27" role-name="Google" reward="50">
        <ally name="H5ugi" role-name="Facebook" reward="50"/>
      </proposal>
      <response name="H5ugi" role-name="Facebook" agree="false"/>
    </round>
    <round num="110">
      <proposal name="H5ugi" role-name="Facebook" reward="33">
        <ally name="rEdQj" role-name="Amazon" reward="33"/>
        <ally name="xGM27" role-name="Google" reward="33"/>
      </proposal>
      <response name="rEdQj" role-name="Amazon" agree="false"/>
      <response name="xGM27" role-name="Google" agree="true"/>
    </round>
    <round num="111">
      <proposal name="rEdQj" role-name="Amazon" reward="50">
        <ally name="xGM27" role-name="Google" reward="50"/>
      </proposal>
      <response name="xGM27" role-name="Google" agree="true"/>
    </round>
  </session>
  <session num="28">
    <round num="112">
      <proposal name="xGM27" role-name="Google" reward="50">
        <ally name="H5ugi" role-name="Facebook" reward="50"/>
      </proposal>
      <response name="H5ugi" role-name="Facebook" agree="false"/>
    </round>
    <round num="113">
      <proposal name="H5ugi" role-name="Facebook" reward="33">
        <ally name="rEdQj" role-name="Amazon" reward="33"/>
        <ally name="xGM27" role-name="Google" reward="33"/>
      </proposal>
      <response name="xGM27" role-name="Google" agree="true"/>
      <response name="rEdQj" role-name="Amazon" agree="false"/>
    </round>
    <round num="114">
      <proposal name="rEdQj" role-name="Amazon" reward="50">
        <ally name="H5ugi" role-name="Facebook" reward="50"/>
      </proposal>
      <response name="H5ugi" role-name="Facebook" agree="false"/>
    </round>
    <round num="115">
      <proposal name="xGM27" role-name="Google" reward="50">
        <ally name="H5ugi" role-name="Facebook" reward="50"/>
      </proposal>
      <response name="H5ugi" role-name="Facebook" agree="false"/>
    </round>
    <round num="116">
      <proposal name="H5ugi" role-name="Facebook" reward="33">
        <ally name="rEdQj" role-name="Amazon" reward="33"/>
        <ally name="xGM27" role-name="Google" reward="33"/>
      </proposal>
      <response name="rEdQj" role-name="Amazon" agree="false"/>
      <response name="xGM27" role-name="Google" agree="true"/>
    </round>
    <round num="117">
      <proposal name="rEdQj" role-name="Amazon" reward="50">
        <ally name="xGM27" role-name="Google" reward="50"/>
      </proposal>
      <response name="xGM27" role-name="Google" agree="true"/>
    </round>
  </session>
  <session num="29">
    <round num="118">
      <proposal name="xGM27" role-name="Google" reward="50">
        <ally name="H5ugi" role-name="Facebook" reward="50"/>
      </proposal>
      <response name="H5ugi" role-name="Facebook" agree="false"/>
    </round>
    <round num="119">
      <proposal name="H5ugi" role-name="Facebook" reward="33">
        <ally name="rEdQj" role-name="Amazon" reward="33"/>
        <ally name="xGM27" role-name="Google" reward="33"/>
      </proposal>
      <response name="rEdQj" role-name="Amazon" agree="false"/>
      <response name="xGM27" role-name="Google" agree="true"/>
    </round>
    <round num="120">
      <proposal name="rEdQj" role-name="Amazon" reward="50">
        <ally name="xGM27" role-name="Google" reward="50"/>
      </proposal>
      <response name="xGM27" role-name="Google" agree="true"/>
    </round>
  </session>
  <session num="30">
    <round num="121">
      <proposal name="xGM27" role-name="Google" reward="50">
        <ally name="H5ugi" role-name="Facebook" reward="50"/>
      </proposal>
      <response name="H5ugi" role-name="Facebook" agree="false"/>
    </round>
    <round num="122">
      <proposal name="H5ugi" role-name="Facebook" reward="33">
        <ally name="rEdQj" role-name="Amazon" reward="33"/>
        <ally name="xGM27" role-name="Google" reward="33"/>
      </proposal>
      <response name="rEdQj" role-name="Amazon" agree="false"/>
      <response name="xGM27" role-name="Google" agree="true"/>
    </round>
    <round num="123">
      <proposal name="rEdQj" role-name="Amazon" reward="50">
        <ally name="xGM27" role-name="Google" reward="50"/>
      </proposal>
      <response name="xGM27" role-name="Google" agree="true"/>
    </round>
  </session>
  <session num="31">
    <round num="124">
      <proposal name="xGM27" role-name="Google" reward="50">
        <ally name="H5ugi" role-name="Facebook" reward="50"/>
      </proposal>
      <response name="H5ugi" role-name="Facebook" agree="false"/>
    </round>
    <round num="125">
      <proposal name="H5ugi" role-name="Facebook" reward="33">
        <ally name="rEdQj" role-name="Amazon" reward="33"/>
        <ally name="xGM27" role-name="Google" reward="33"/>
      </proposal>
      <response name="rEdQj" role-name="Amazon" agree="false"/>
      <response name="xGM27" role-name="Google" agree="true"/>
    </round>
    <round num="126">
      <proposal name="rEdQj" role-name="Amazon" reward="50">
        <ally name="xGM27" role-name="Google" reward="50"/>
      </proposal>
      <response name="xGM27" role-name="Google" agree="true"/>
    </round>
  </session>
  <session num="32">
    <round num="127">
      <proposal name="xGM27" role-name="Google" reward="50">
        <ally name="H5ugi" role-name="Facebook" reward="50"/>
      </proposal>
      <response name="H5ugi" role-name="Facebook" agree="false"/>
    </round>
    <round num="128">
      <proposal name="H5ugi" role-name="Facebook" reward="33">
        <ally name="rEdQj" role-name="Amazon" reward="33"/>
        <ally name="xGM27" role-name="Google" reward="33"/>
      </proposal>
      <response name="xGM27" role-name="Google" agree="true"/>
      <response name="rEdQj" role-name="Amazon" agree="false"/>
    </round>
    <round num="129">
      <proposal name="rEdQj" role-name="Amazon" reward="50">
        <ally name="H5ugi" role-name="Facebook" reward="50"/>
      </proposal>
      <response name="H5ugi" role-name="Facebook" agree="false"/>
    </round>
    <round num="130">
      <proposal name="xGM27" role-name="Google" reward="50">
        <ally name="H5ugi" role-name="Facebook" reward="50"/>
      </proposal>
      <response name="H5ugi" role-name="Facebook" agree="false"/>
    </round>
    <round num="131">
      <proposal name="H5ugi" role-name="Facebook" reward="33">
        <ally name="rEdQj" role-name="Amazon" reward="33"/>
        <ally name="xGM27" role-name="Google" reward="33"/>
      </proposal>
      <response name="rEdQj" role-name="Amazon" agree="false"/>
      <response name="xGM27" role-name="Google" agree="true"/>
    </round>
    <round num="132">
      <proposal name="rEdQj" role-name="Amazon" reward="50">
        <ally name="xGM27" role-name="Google" reward="50"/>
      </proposal>
      <response name="xGM27" role-name="Google" agree="true"/>
    </round>
  </session>
  <session num="33">
    <round num="133">
      <proposal name="xGM27" role-name="Google" reward="50">
        <ally name="H5ugi" role-name="Facebook" reward="50"/>
      </proposal>
      <response name="H5ugi" role-name="Facebook" agree="false"/>
    </round>
    <round num="134">
      <proposal name="H5ugi" role-name="Facebook" reward="33">
        <ally name="rEdQj" role-name="Amazon" reward="33"/>
        <ally name="xGM27" role-name="Google" reward="33"/>
      </proposal>
      <response name="xGM27" role-name="Google" agree="true"/>
      <response name="rEdQj" role-name="Amazon" agree="false"/>
    </round>
    <round num="135">
      <proposal name="rEdQj" role-name="Amazon" reward="50">
        <ally name="H5ugi" role-name="Facebook" reward="50"/>
      </proposal>
      <response name="H5ugi" role-name="Facebook" agree="false"/>
    </round>
    <round num="136">
      <proposal name="xGM27" role-name="Google" reward="50">
        <ally name="H5ugi" role-name="Facebook" reward="50"/>
      </proposal>
      <response name="H5ugi" role-name="Facebook" agree="false"/>
    </round>
    <round num="137">
      <proposal name="H5ugi" role-name="Facebook" reward="33">
        <ally name="rEdQj" role-name="Amazon" reward="33"/>
        <ally name="xGM27" role-name="Google" reward="33"/>
      </proposal>
      <response name="rEdQj" role-name="Amazon" agree="false"/>
      <response name="xGM27" role-name="Google" agree="true"/>
    </round>
    <round num="138">
      <proposal name="rEdQj" role-name="Amazon" reward="50">
        <ally name="xGM27" role-name="Google" reward="50"/>
      </proposal>
      <response name="xGM27" role-name="Google" agree="true"/>
    </round>
  </session>
  <session num="34">
    <round num="139">
      <proposal name="xGM27" role-name="Google" reward="50">
        <ally name="H5ugi" role-name="Facebook" reward="50"/>
      </proposal>
      <response name="H5ugi" role-name="Facebook" agree="false"/>
    </round>
    <round num="140">
      <proposal name="H5ugi" role-name="Facebook" reward="33">
        <ally name="rEdQj" role-name="Amazon" reward="33"/>
        <ally name="xGM27" role-name="Google" reward="33"/>
      </proposal>
      <response name="xGM27" role-name="Google" agree="true"/>
      <response name="rEdQj" role-name="Amazon" agree="false"/>
    </round>
    <round num="141">
      <proposal name="rEdQj" role-name="Amazon" reward="50">
        <ally name="H5ugi" role-name="Facebook" reward="50"/>
      </proposal>
      <response name="H5ugi" role-name="Facebook" agree="false"/>
    </round>
    <round num="142">
      <proposal name="xGM27" role-name="Google" reward="50">
        <ally name="H5ugi" role-name="Facebook" reward="50"/>
      </proposal>
      <response name="H5ugi" role-name="Facebook" agree="false"/>
    </round>
    <round num="143">
      <proposal name="H5ugi" role-name="Facebook" reward="33">
        <ally name="rEdQj" role-name="Amazon" reward="33"/>
        <ally name="xGM27" role-name="Google" reward="33"/>
      </proposal>
      <response name="xGM27" role-name="Google" agree="true"/>
      <response name="rEdQj" role-name="Amazon" agree="false"/>
    </round>
    <round num="144">
      <proposal name="rEdQj" role-name="Amazon" reward="50">
        <ally name="xGM27" role-name="Google" reward="50"/>
      </proposal>
      <response name="xGM27" role-name="Google" agree="true"/>
    </round>
  </session>
  <session num="35">
    <round num="145">
      <proposal name="xGM27" role-name="Google" reward="50">
        <ally name="H5ugi" role-name="Facebook" reward="50"/>
      </proposal>
      <response name="H5ugi" role-name="Facebook" agree="false"/>
    </round>
    <round num="146">
      <proposal name="H5ugi" role-name="Facebook" reward="33">
        <ally name="rEdQj" role-name="Amazon" reward="33"/>
        <ally name="xGM27" role-name="Google" reward="33"/>
      </proposal>
      <response name="rEdQj" role-name="Amazon" agree="false"/>
      <response name="xGM27" role-name="Google" agree="true"/>
    </round>
    <round num="147">
      <proposal name="rEdQj" role-name="Amazon" reward="50">
        <ally name="H5ugi" role-name="Facebook" reward="50"/>
      </proposal>
      <response name="H5ugi" role-name="Facebook" agree="false"/>
    </round>
    <round num="148">
      <proposal name="xGM27" role-name="Google" reward="50">
        <ally name="H5ugi" role-name="Facebook" reward="50"/>
      </proposal>
      <response name="H5ugi" role-name="Facebook" agree="false"/>
    </round>
    <round num="149">
      <proposal name="H5ugi" role-name="Facebook" reward="33">
        <ally name="rEdQj" role-name="Amazon" reward="33"/>
        <ally name="xGM27" role-name="Google" reward="33"/>
      </proposal>
      <response name="rEdQj" role-name="Amazon" agree="false"/>
      <response name="xGM27" role-name="Google" agree="true"/>
    </round>
    <round num="150">
      <proposal name="rEdQj" role-name="Amazon" reward="50">
        <ally name="xGM27" role-name="Google" reward="50"/>
      </proposal>
      <response name="xGM27" role-name="Google" agree="true"/>
    </round>
  </session>
  <session num="36">
    <round num="151">
      <proposal name="xGM27" role-name="Google" reward="50">
        <ally name="H5ugi" role-name="Facebook" reward="50"/>
      </proposal>
      <response name="H5ugi" role-name="Facebook" agree="false"/>
    </round>
    <round num="152">
      <proposal name="H5ugi" role-name="Facebook" reward="33">
        <ally name="rEdQj" role-name="Amazon" reward="33"/>
        <ally name="xGM27" role-name="Google" reward="33"/>
      </proposal>
      <response name="xGM27" role-name="Google" agree="true"/>
      <response name="rEdQj" role-name="Amazon" agree="false"/>
    </round>
    <round num="153">
      <proposal name="rEdQj" role-name="Amazon" reward="50">
        <ally name="xGM27" role-name="Google" reward="50"/>
      </proposal>
      <response name="xGM27" role-name="Google" agree="true"/>
    </round>
  </session>
  <session num="37">
    <round num="154">
      <proposal name="xGM27" role-name="Google" reward="50">
        <ally name="H5ugi" role-name="Facebook" reward="50"/>
      </proposal>
      <response name="H5ugi" role-name="Facebook" agree="false"/>
    </round>
    <round num="155">
      <proposal name="H5ugi" role-name="Facebook" reward="33">
        <ally name="rEdQj" role-name="Amazon" reward="33"/>
        <ally name="xGM27" role-name="Google" reward="33"/>
      </proposal>
      <response name="rEdQj" role-name="Amazon" agree="false"/>
      <response name="xGM27" role-name="Google" agree="true"/>
    </round>
    <round num="156">
      <proposal name="rEdQj" role-name="Amazon" reward="50">
        <ally name="H5ugi" role-name="Facebook" reward="50"/>
      </proposal>
      <response name="H5ugi" role-name="Facebook" agree="false"/>
    </round>
    <round num="157">
      <proposal name="xGM27" role-name="Google" reward="50">
        <ally name="H5ugi" role-name="Facebook" reward="50"/>
      </proposal>
      <response name="H5ugi" role-name="Facebook" agree="false"/>
    </round>
    <round num="158">
      <proposal name="H5ugi" role-name="Facebook" reward="33">
        <ally name="rEdQj" role-name="Amazon" reward="33"/>
        <ally name="xGM27" role-name="Google" reward="33"/>
      </proposal>
      <response name="xGM27" role-name="Google" agree="true"/>
      <response name="rEdQj" role-name="Amazon" agree="false"/>
    </round>
    <round num="159">
      <proposal name="rEdQj" role-name="Amazon" reward="50">
        <ally name="xGM27" role-name="Google" reward="50"/>
      </proposal>
      <response name="xGM27" role-name="Google" agree="true"/>
    </round>
  </session>
  <session num="38">
    <round num="160">
      <proposal name="xGM27" role-name="Google" reward="50">
        <ally name="H5ugi" role-name="Facebook" reward="50"/>
      </proposal>
      <response name="H5ugi" role-name="Facebook" agree="false"/>
    </round>
    <round num="161">
      <proposal name="H5ugi" role-name="Facebook" reward="33">
        <ally name="rEdQj" role-name="Amazon" reward="33"/>
        <ally name="xGM27" role-name="Google" reward="33"/>
      </proposal>
      <response name="rEdQj" role-name="Amazon" agree="false"/>
      <response name="xGM27" role-name="Google" agree="true"/>
    </round>
    <round num="162">
      <proposal name="rEdQj" role-name="Amazon" reward="50">
        <ally name="xGM27" role-name="Google" reward="50"/>
      </proposal>
      <response name="xGM27" role-name="Google" agree="true"/>
    </round>
  </session>
  <session num="39">
    <round num="163">
      <proposal name="xGM27" role-name="Google" reward="50">
        <ally name="H5ugi" role-name="Facebook" reward="50"/>
      </proposal>
      <response name="H5ugi" role-name="Facebook" agree="false"/>
    </round>
    <round num="164">
      <proposal name="H5ugi" role-name="Facebook" reward="33">
        <ally name="rEdQj" role-name="Amazon" reward="33"/>
        <ally name="xGM27" role-name="Google" reward="33"/>
      </proposal>
      <response name="rEdQj" role-name="Amazon" agree="false"/>
      <response name="xGM27" role-name="Google" agree="true"/>
    </round>
    <round num="165">
      <proposal name="rEdQj" role-name="Amazon" reward="50">
        <ally name="H5ugi" role-name="Facebook" reward="50"/>
      </proposal>
      <response name="H5ugi" role-name="Facebook" agree="false"/>
    </round>
    <round num="166">
      <proposal name="xGM27" role-name="Google" reward="50">
        <ally name="H5ugi" role-name="Facebook" reward="50"/>
      </proposal>
      <response name="H5ugi" role-name="Facebook" agree="false"/>
    </round>
    <round num="167">
      <proposal name="H5ugi" role-name="Facebook" reward="33">
        <ally name="rEdQj" role-name="Amazon" reward="33"/>
        <ally name="xGM27" role-name="Google" reward="33"/>
      </proposal>
      <response name="rEdQj" role-name="Amazon" agree="false"/>
      <response name="xGM27" role-name="Google" agree="true"/>
    </round>
    <round num="168">
      <proposal name="rEdQj" role-name="Amazon" reward="50">
        <ally name="xGM27" role-name="Google" reward="50"/>
      </proposal>
      <response name="xGM27" role-name="Google" agree="true"/>
    </round>
  </session>
  <session num="40">
    <round num="169">
      <proposal name="xGM27" role-name="Google" reward="50">
        <ally name="H5ugi" role-name="Facebook" reward="50"/>
      </proposal>
      <response name="H5ugi" role-name="Facebook" agree="false"/>
    </round>
    <round num="170">
      <proposal name="H5ugi" role-name="Facebook" reward="33">
        <ally name="rEdQj" role-name="Amazon" reward="33"/>
        <ally name="xGM27" role-name="Google" reward="33"/>
      </proposal>
      <response name="rEdQj" role-name="Amazon" agree="false"/>
      <response name="xGM27" role-name="Google" agree="true"/>
    </round>
    <round num="171">
      <proposal name="rEdQj" role-name="Amazon" reward="50">
        <ally name="xGM27" role-name="Google" reward="50"/>
      </proposal>
      <response name="xGM27" role-name="Google" agree="true"/>
    </round>
  </session>
  <session num="41">
    <round num="172">
      <proposal name="xGM27" role-name="Google" reward="50">
        <ally name="H5ugi" role-name="Facebook" reward="50"/>
      </proposal>
      <response name="H5ugi" role-name="Facebook" agree="false"/>
    </round>
    <round num="173">
      <proposal name="H5ugi" role-name="Facebook" reward="33">
        <ally name="rEdQj" role-name="Amazon" reward="33"/>
        <ally name="xGM27" role-name="Google" reward="33"/>
      </proposal>
      <response name="rEdQj" role-name="Amazon" agree="false"/>
      <response name="xGM27" role-name="Google" agree="true"/>
    </round>
    <round num="174">
      <proposal name="rEdQj" role-name="Amazon" reward="50">
        <ally name="H5ugi" role-name="Facebook" reward="50"/>
      </proposal>
      <response name="H5ugi" role-name="Facebook" agree="false"/>
    </round>
    <round num="175">
      <proposal name="xGM27" role-name="Google" reward="50">
        <ally name="H5ugi" role-name="Facebook" reward="50"/>
      </proposal>
      <response name="H5ugi" role-name="Facebook" agree="false"/>
    </round>
    <round num="176">
      <proposal name="H5ugi" role-name="Facebook" reward="33">
        <ally name="rEdQj" role-name="Amazon" reward="33"/>
        <ally name="xGM27" role-name="Google" reward="33"/>
      </proposal>
      <response name="rEdQj" role-name="Amazon" agree="false"/>
      <response name="xGM27" role-name="Google" agree="true"/>
    </round>
    <round num="177">
      <proposal name="rEdQj" role-name="Amazon" reward="50">
        <ally name="xGM27" role-name="Google" reward="50"/>
      </proposal>
      <response name="xGM27" role-name="Google" agree="true"/>
    </round>
  </session>
  <session num="42">
    <round num="178">
      <proposal name="xGM27" role-name="Google" reward="50">
        <ally name="H5ugi" role-name="Facebook" reward="50"/>
      </proposal>
      <response name="H5ugi" role-name="Facebook" agree="false"/>
    </round>
    <round num="179">
      <proposal name="H5ugi" role-name="Facebook" reward="33">
        <ally name="rEdQj" role-name="Amazon" reward="33"/>
        <ally name="xGM27" role-name="Google" reward="33"/>
      </proposal>
      <response name="rEdQj" role-name="Amazon" agree="false"/>
      <response name="xGM27" role-name="Google" agree="true"/>
    </round>
    <round num="180">
      <proposal name="rEdQj" role-name="Amazon" reward="50">
        <ally name="xGM27" role-name="Google" reward="50"/>
      </proposal>
      <response name="xGM27" role-name="Google" agree="true"/>
    </round>
  </session>
  <session num="43">
    <round num="181">
      <proposal name="xGM27" role-name="Google" reward="50">
        <ally name="H5ugi" role-name="Facebook" reward="50"/>
      </proposal>
      <response name="H5ugi" role-name="Facebook" agree="false"/>
    </round>
    <round num="182">
      <proposal name="H5ugi" role-name="Facebook" reward="33">
        <ally name="rEdQj" role-name="Amazon" reward="33"/>
        <ally name="xGM27" role-name="Google" reward="33"/>
      </proposal>
      <response name="rEdQj" role-name="Amazon" agree="false"/>
      <response name="xGM27" role-name="Google" agree="true"/>
    </round>
    <round num="183">
      <proposal name="rEdQj" role-name="Amazon" reward="50">
        <ally name="xGM27" role-name="Google" reward="50"/>
      </proposal>
      <response name="xGM27" role-name="Google" agree="true"/>
    </round>
  </session>
  <session num="44">
    <round num="184">
      <proposal name="xGM27" role-name="Google" reward="50">
        <ally name="H5ugi" role-name="Facebook" reward="50"/>
      </proposal>
      <response name="H5ugi" role-name="Facebook" agree="false"/>
    </round>
    <round num="185">
      <proposal name="H5ugi" role-name="Facebook" reward="33">
        <ally name="rEdQj" role-name="Amazon" reward="33"/>
        <ally name="xGM27" role-name="Google" reward="33"/>
      </proposal>
      <response name="rEdQj" role-name="Amazon" agree="false"/>
      <response name="xGM27" role-name="Google" agree="true"/>
    </round>
    <round num="186">
      <proposal name="rEdQj" role-name="Amazon" reward="50">
        <ally name="H5ugi" role-name="Facebook" reward="50"/>
      </proposal>
      <response name="H5ugi" role-name="Facebook" agree="false"/>
    </round>
    <round num="187">
      <proposal name="xGM27" role-name="Google" reward="50">
        <ally name="H5ugi" role-name="Facebook" reward="50"/>
      </proposal>
      <response name="H5ugi" role-name="Facebook" agree="false"/>
    </round>
    <round num="188">
      <proposal name="H5ugi" role-name="Facebook" reward="33">
        <ally name="rEdQj" role-name="Amazon" reward="33"/>
        <ally name="xGM27" role-name="Google" reward="33"/>
      </proposal>
      <response name="rEdQj" role-name="Amazon" agree="false"/>
      <response name="xGM27" role-name="Google" agree="true"/>
    </round>
    <round num="189">
      <proposal name="rEdQj" role-name="Amazon" reward="50">
        <ally name="xGM27" role-name="Google" reward="50"/>
      </proposal>
      <response name="xGM27" role-name="Google" agree="true"/>
    </round>
  </session>
  <session num="45">
    <round num="190">
      <proposal name="xGM27" role-name="Google" reward="50">
        <ally name="H5ugi" role-name="Facebook" reward="50"/>
      </proposal>
      <response name="H5ugi" role-name="Facebook" agree="false"/>
    </round>
    <round num="191">
      <proposal name="H5ugi" role-name="Facebook" reward="33">
        <ally name="rEdQj" role-name="Amazon" reward="33"/>
        <ally name="xGM27" role-name="Google" reward="33"/>
      </proposal>
      <response name="rEdQj" role-name="Amazon" agree="false"/>
      <response name="xGM27" role-name="Google" agree="true"/>
    </round>
    <round num="192">
      <proposal name="rEdQj" role-name="Amazon" reward="50">
        <ally name="xGM27" role-name="Google" reward="50"/>
      </proposal>
      <response name="xGM27" role-name="Google" agree="true"/>
    </round>
  </session>
  <session num="46">
    <round num="193">
      <proposal name="xGM27" role-name="Google" reward="50">
        <ally name="H5ugi" role-name="Facebook" reward="50"/>
      </proposal>
      <response name="H5ugi" role-name="Facebook" agree="false"/>
    </round>
    <round num="194">
      <proposal name="H5ugi" role-name="Facebook" reward="33">
        <ally name="rEdQj" role-name="Amazon" reward="33"/>
        <ally name="xGM27" role-name="Google" reward="33"/>
      </proposal>
      <response name="rEdQj" role-name="Amazon" agree="false"/>
      <response name="xGM27" role-name="Google" agree="true"/>
    </round>
    <round num="195">
      <proposal name="rEdQj" role-name="Amazon" reward="50">
        <ally name="H5ugi" role-name="Facebook" reward="50"/>
      </proposal>
      <response name="H5ugi" role-name="Facebook" agree="false"/>
    </round>
    <round num="196">
      <proposal name="xGM27" role-name="Google" reward="50">
        <ally name="H5ugi" role-name="Facebook" reward="50"/>
      </proposal>
      <response name="H5ugi" role-name="Facebook" agree="false"/>
    </round>
    <round num="197">
      <proposal name="H5ugi" role-name="Facebook" reward="33">
        <ally name="rEdQj" role-name="Amazon" reward="33"/>
        <ally name="xGM27" role-name="Google" reward="33"/>
      </proposal>
      <response name="xGM27" role-name="Google" agree="true"/>
      <response name="rEdQj" role-name="Amazon" agree="false"/>
    </round>
    <round num="198">
      <proposal name="rEdQj" role-name="Amazon" reward="50">
        <ally name="xGM27" role-name="Google" reward="50"/>
      </proposal>
      <response name="xGM27" role-name="Google" agree="true"/>
    </round>
  </session>
  <session num="47">
    <round num="199">
      <proposal name="xGM27" role-name="Google" reward="50">
        <ally name="H5ugi" role-name="Facebook" reward="50"/>
      </proposal>
      <response name="H5ugi" role-name="Facebook" agree="false"/>
    </round>
    <round num="200">
      <proposal name="H5ugi" role-name="Facebook" reward="33">
        <ally name="rEdQj" role-name="Amazon" reward="33"/>
        <ally name="xGM27" role-name="Google" reward="33"/>
      </proposal>
      <response name="rEdQj" role-name="Amazon" agree="false"/>
      <response name="xGM27" role-name="Google" agree="true"/>
    </round>
    <round num="201">
      <proposal name="rEdQj" role-name="Amazon" reward="50">
        <ally name="H5ugi" role-name="Facebook" reward="50"/>
      </proposal>
      <response name="H5ugi" role-name="Facebook" agree="false"/>
    </round>
    <round num="202">
      <proposal name="xGM27" role-name="Google" reward="50">
        <ally name="H5ugi" role-name="Facebook" reward="50"/>
      </proposal>
      <response name="H5ugi" role-name="Facebook" agree="false"/>
    </round>
    <round num="203">
      <proposal name="H5ugi" role-name="Facebook" reward="33">
        <ally name="rEdQj" role-name="Amazon" reward="33"/>
        <ally name="xGM27" role-name="Google" reward="33"/>
      </proposal>
      <response name="xGM27" role-name="Google" agree="true"/>
      <response name="rEdQj" role-name="Amazon" agree="false"/>
    </round>
    <round num="204">
      <proposal name="rEdQj" role-name="Amazon" reward="50">
        <ally name="xGM27" role-name="Google" reward="50"/>
      </proposal>
      <response name="xGM27" role-name="Google" agree="true"/>
    </round>
  </session>
  <session num="48">
    <round num="205">
      <proposal name="xGM27" role-name="Google" reward="50">
        <ally name="H5ugi" role-name="Facebook" reward="50"/>
      </proposal>
      <response name="H5ugi" role-name="Facebook" agree="false"/>
    </round>
    <round num="206">
      <proposal name="H5ugi" role-name="Facebook" reward="33">
        <ally name="rEdQj" role-name="Amazon" reward="33"/>
        <ally name="xGM27" role-name="Google" reward="33"/>
      </proposal>
      <response name="xGM27" role-name="Google" agree="true"/>
      <response name="rEdQj" role-name="Amazon" agree="false"/>
    </round>
    <round num="207">
      <proposal name="rEdQj" role-name="Amazon" reward="50">
        <ally name="H5ugi" role-name="Facebook" reward="50"/>
      </proposal>
      <response name="H5ugi" role-name="Facebook" agree="false"/>
    </round>
    <round num="208">
      <proposal name="xGM27" role-name="Google" reward="50">
        <ally name="H5ugi" role-name="Facebook" reward="50"/>
      </proposal>
      <response name="H5ugi" role-name="Facebook" agree="false"/>
    </round>
    <round num="209">
      <proposal name="H5ugi" role-name="Facebook" reward="33">
        <ally name="rEdQj" role-name="Amazon" reward="33"/>
        <ally name="xGM27" role-name="Google" reward="33"/>
      </proposal>
      <response name="xGM27" role-name="Google" agree="true"/>
      <response name="rEdQj" role-name="Amazon" agree="false"/>
    </round>
    <round num="210">
      <proposal name="rEdQj" role-name="Amazon" reward="50">
        <ally name="xGM27" role-name="Google" reward="50"/>
      </proposal>
      <response name="xGM27" role-name="Google" agree="true"/>
    </round>
  </session>
  <session num="49">
    <round num="211">
      <proposal name="xGM27" role-name="Google" reward="50">
        <ally name="H5ugi" role-name="Facebook" reward="50"/>
      </proposal>
      <response name="H5ugi" role-name="Facebook" agree="false"/>
    </round>
    <round num="212">
      <proposal name="H5ugi" role-name="Facebook" reward="33">
        <ally name="rEdQj" role-name="Amazon" reward="33"/>
        <ally name="xGM27" role-name="Google" reward="33"/>
      </proposal>
      <response name="rEdQj" role-name="Amazon" agree="false"/>
      <response name="xGM27" role-name="Google" agree="true"/>
    </round>
    <round num="213">
      <proposal name="rEdQj" role-name="Amazon" reward="50">
        <ally name="H5ugi" role-name="Facebook" reward="50"/>
      </proposal>
      <response name="H5ugi" role-name="Facebook" agree="false"/>
    </round>
    <round num="214">
      <proposal name="xGM27" role-name="Google" reward="50">
        <ally name="H5ugi" role-name="Facebook" reward="50"/>
      </proposal>
      <response name="H5ugi" role-name="Facebook" agree="false"/>
    </round>
    <round num="215">
      <proposal name="H5ugi" role-name="Facebook" reward="33">
        <ally name="rEdQj" role-name="Amazon" reward="33"/>
        <ally name="xGM27" role-name="Google" reward="33"/>
      </proposal>
      <response name="xGM27" role-name="Google" agree="true"/>
      <response name="rEdQj" role-name="Amazon" agree="false"/>
    </round>
    <round num="216">
      <proposal name="rEdQj" role-name="Amazon" reward="50">
        <ally name="xGM27" role-name="Google" reward="50"/>
      </proposal>
      <response name="xGM27" role-name="Google" agree="true"/>
    </round>
  </session>
  <session num="50">
    <round num="217">
      <proposal name="xGM27" role-name="Google" reward="50">
        <ally name="H5ugi" role-name="Facebook" reward="50"/>
      </proposal>
      <response name="H5ugi" role-name="Facebook" agree="false"/>
    </round>
    <round num="218">
      <proposal name="H5ugi" role-name="Facebook" reward="33">
        <ally name="rEdQj" role-name="Amazon" reward="33"/>
        <ally name="xGM27" role-name="Google" reward="33"/>
      </proposal>
      <response name="xGM27" role-name="Google" agree="true"/>
      <response name="rEdQj" role-name="Amazon" agree="false"/>
    </round>
    <round num="219">
      <proposal name="rEdQj" role-name="Amazon" reward="50">
        <ally name="xGM27" role-name="Google" reward="50"/>
      </proposal>
      <response name="xGM27" role-name="Google" agree="true"/>
    </round>
  </session>
</game>
