<?xml version="1.0" encoding="UTF-8"?>

<game id="86CE6788C06D4A42" name="Scene4" majority="3">
  <knowledge party-num="0" role-name="Google" resource="1" talent="0.0">true, true, true</knowledge>
  <knowledge party-num="1" role-name="Facebook" resource="1" talent="0.0">true, true, true</knowledge>
  <knowledge party-num="2" role-name="Amazon" resource="2" talent="0.0">true, true, true</knowledge>
  <player name="vgvj" desc="" role-name="Facebook" type="REMOTE_AGENT" path="ReinforceAgent"/>
  <player name="nbkjbnkjb" desc="" role-name="Amazon" type="REMOTE_AGENT" path="ReinforceAgent"/>
  <player name="mklmlknp" desc="" role-name="Google" type="REMOTE_AGENT" path="ReinforceAgent"/>
  <session num="1">
    <round num="1">
      <proposal name="mklmlknp" role-name="Google" reward="20">
        <ally name="nbkjbnkjb" role-name="Amazon" reward="80"/>
      </proposal>
      <response name="nbkjbnkjb" role-name="Amazon" agree="true"/>
    </round>
  </session>
  <session num="2">
    <round num="2">
      <proposal name="vgvj" role-name="Facebook" reward="20">
        <ally name="nbkjbnkjb" role-name="Amazon" reward="80"/>
      </proposal>
      <response name="nbkjbnkjb" role-name="Amazon" agree="true"/>
    </round>
  </session>
  <session num="3">
    <round num="3">
      <proposal name="nbkjbnkjb" role-name="Amazon" reward="80">
        <ally name="mklmlknp" role-name="Google" reward="20"/>
      </proposal>
      <response name="mklmlknp" role-name="Google" agree="true"/>
    </round>
  </session>
  <session num="4">
    <round num="4">
      <proposal name="mklmlknp" role-name="Google" reward="16">
        <ally name="nbkjbnkjb" role-name="Amazon" reward="66"/>
        <ally name="vgvj" role-name="Facebook" reward="16"/>
      </proposal>
      <response name="vgvj" role-name="Facebook" agree="true"/>
      <response name="nbkjbnkjb" role-name="Amazon" agree="true"/>
    </round>
  </session>
  <session num="5">
    <round num="5">
      <proposal name="vgvj" role-name="Facebook" reward="20">
        <ally name="nbkjbnkjb" role-name="Amazon" reward="80"/>
      </proposal>
      <response name="nbkjbnkjb" role-name="Amazon" agree="true"/>
    </round>
  </session>
</game>
