<?xml version="1.0" encoding="UTF-8"?>

<game id="5C8D7D12CB1142CA" name="Scene4" majority="3">
  <knowledge party-num="0" role-name="Google" resource="1" talent="0.0">true, true, true</knowledge>
  <knowledge party-num="1" role-name="Facebook" resource="1" talent="0.0">true, true, true</knowledge>
  <knowledge party-num="2" role-name="Amazon" resource="2" talent="0.0">true, true, true</knowledge>
  <player name="xzvcx" desc="" role-name="Amazon" type="REMOTE_AGENT" path="AgentProsocialA"/>
  <player name="joij" desc="" role-name="Facebook" type="REMOTE_AGENT" path="Human"/>
  <player name="cgc" desc="" role-name="Google" type="REMOTE_AGENT" path="Agent"/>
  <session num="1">
    <round num="1">
      <proposal name="cgc" role-name="Google" reward="25">
        <ally name="xzvcx" role-name="Amazon" reward="50"/>
        <ally name="joij" role-name="Facebook" reward="25"/>
      </proposal>
      <response name="joij" role-name="Facebook" agree="true"/>
      <response name="xzvcx" role-name="Amazon" agree="true"/>
    </round>
  </session>
  <session num="2">
    <round num="2">
      <proposal name="joij" role-name="Facebook" reward="20">
        <ally name="xzvcx" role-name="Amazon" reward="80"/>
      </proposal>
      <response name="xzvcx" role-name="Amazon" agree="false"/>
    </round>
    <round num="3">
      <proposal name="xzvcx" role-name="Amazon" reward="50">
        <ally name="cgc" role-name="Google" reward="25"/>
        <ally name="joij" role-name="Facebook" reward="25"/>
      </proposal>
      <response name="cgc" role-name="Google" agree="true"/>
      <response name="joij" role-name="Facebook" agree="true"/>
    </round>
  </session>
  <session num="3">
    <round num="4">
      <proposal name="cgc" role-name="Google" reward="25">
        <ally name="xzvcx" role-name="Amazon" reward="50"/>
        <ally name="joij" role-name="Facebook" reward="25"/>
      </proposal>
      <response name="xzvcx" role-name="Amazon" agree="true"/>
      <response name="joij" role-name="Facebook" agree="true"/>
    </round>
  </session>
  <session num="4">
    <round num="5">
      <proposal name="joij" role-name="Facebook" reward="20">
        <ally name="xzvcx" role-name="Amazon" reward="80"/>
      </proposal>
      <response name="xzvcx" role-name="Amazon" agree="false"/>
    </round>
    <round num="6">
      <proposal name="xzvcx" role-name="Amazon" reward="50">
        <ally name="cgc" role-name="Google" reward="25"/>
        <ally name="joij" role-name="Facebook" reward="25"/>
      </proposal>
      <response name="cgc" role-name="Google" agree="true"/>
      <response name="joij" role-name="Facebook" agree="true"/>
    </round>
  </session>
  <session num="5">
    <round num="7">
      <proposal name="cgc" role-name="Google" reward="25">
        <ally name="xzvcx" role-name="Amazon" reward="50"/>
        <ally name="joij" role-name="Facebook" reward="25"/>
      </proposal>
      <response name="xzvcx" role-name="Amazon" agree="true"/>
      <response name="joij" role-name="Facebook" agree="true"/>
    </round>
  </session>
</game>
