<?xml version="1.0" encoding="UTF-8"?>

<game id="C21D6A703E2347FB" name="Scene9" majority="5">
  <knowledge party-num="0" role-name="lucy" resource="2" talent="0.0">true, true, true</knowledge>
  <knowledge party-num="1" role-name="lily" resource="2" talent="0.0">true, true, true</knowledge>
  <knowledge party-num="2" role-name="albert" resource="3" talent="0.0">true, true, true</knowledge>
  <player name="S87pa" desc="" role-name="lucy" type="REMOTE_AGENT" path="Agent"/>
  <player name="wgBLt" desc="" role-name="lily" type="REMOTE_AGENT" path="AgentProselfB"/>
  <player name="MDUcu" desc="" role-name="albert" type="REMOTE_AGENT" path="AgentProsocialB"/>
  <session num="1">
    <round num="1">
      <proposal name="S87pa" role-name="lucy" reward="25">
        <ally name="wgBLt" role-name="lily" reward="25"/>
        <ally name="MDUcu" role-name="albert" reward="50"/>
      </proposal>
      <response name="wgBLt" role-name="lily" agree="false"/>
      <response name="MDUcu" role-name="albert" agree="true"/>
    </round>
    <round num="2">
      <proposal name="wgBLt" role-name="lily" reward="33">
        <ally name="MDUcu" role-name="albert" reward="66"/>
      </proposal>
      <response name="MDUcu" role-name="albert" agree="false"/>
    </round>
    <round num="3">
      <proposal name="MDUcu" role-name="albert" reward="50">
        <ally name="wgBLt" role-name="lily" reward="25"/>
        <ally name="S87pa" role-name="lucy" reward="25"/>
      </proposal>
      <response name="S87pa" role-name="lucy" agree="true"/>
      <response name="wgBLt" role-name="lily" agree="false"/>
    </round>
    <round num="4">
      <proposal name="S87pa" role-name="lucy" reward="25">
        <ally name="wgBLt" role-name="lily" reward="25"/>
        <ally name="MDUcu" role-name="albert" reward="50"/>
      </proposal>
      <response name="wgBLt" role-name="lily" agree="false"/>
      <response name="MDUcu" role-name="albert" agree="true"/>
    </round>
    <round num="5">
      <proposal name="wgBLt" role-name="lily" reward="33">
        <ally name="MDUcu" role-name="albert" reward="66"/>
      </proposal>
      <response name="MDUcu" role-name="albert" agree="false"/>
    </round>
    <round num="6">
      <proposal name="MDUcu" role-name="albert" reward="66">
        <ally name="S87pa" role-name="lucy" reward="33"/>
      </proposal>
      <response name="S87pa" role-name="lucy" agree="true"/>
    </round>
  </session>
  <session num="2">
    <round num="7">
      <proposal name="S87pa" role-name="lucy" reward="25">
        <ally name="wgBLt" role-name="lily" reward="25"/>
        <ally name="MDUcu" role-name="albert" reward="50"/>
      </proposal>
      <response name="wgBLt" role-name="lily" agree="false"/>
      <response name="MDUcu" role-name="albert" agree="true"/>
    </round>
    <round num="8">
      <proposal name="wgBLt" role-name="lily" reward="33">
        <ally name="MDUcu" role-name="albert" reward="66"/>
      </proposal>
      <response name="MDUcu" role-name="albert" agree="false"/>
    </round>
    <round num="9">
      <proposal name="MDUcu" role-name="albert" reward="50">
        <ally name="wgBLt" role-name="lily" reward="25"/>
        <ally name="S87pa" role-name="lucy" reward="25"/>
      </proposal>
      <response name="wgBLt" role-name="lily" agree="false"/>
      <response name="S87pa" role-name="lucy" agree="true"/>
    </round>
    <round num="10">
      <proposal name="S87pa" role-name="lucy" reward="25">
        <ally name="wgBLt" role-name="lily" reward="25"/>
        <ally name="MDUcu" role-name="albert" reward="50"/>
      </proposal>
      <response name="MDUcu" role-name="albert" agree="true"/>
      <response name="wgBLt" role-name="lily" agree="false"/>
    </round>
    <round num="11">
      <proposal name="wgBLt" role-name="lily" reward="33">
        <ally name="MDUcu" role-name="albert" reward="66"/>
      </proposal>
      <response name="MDUcu" role-name="albert" agree="false"/>
    </round>
    <round num="12">
      <proposal name="MDUcu" role-name="albert" reward="66">
        <ally name="S87pa" role-name="lucy" reward="33"/>
      </proposal>
      <response name="S87pa" role-name="lucy" agree="true"/>
    </round>
  </session>
  <session num="3">
    <round num="13">
      <proposal name="S87pa" role-name="lucy" reward="25">
        <ally name="wgBLt" role-name="lily" reward="25"/>
        <ally name="MDUcu" role-name="albert" reward="50"/>
      </proposal>
      <response name="wgBLt" role-name="lily" agree="false"/>
      <response name="MDUcu" role-name="albert" agree="true"/>
    </round>
    <round num="14">
      <proposal name="wgBLt" role-name="lily" reward="33">
        <ally name="MDUcu" role-name="albert" reward="66"/>
      </proposal>
      <response name="MDUcu" role-name="albert" agree="false"/>
    </round>
    <round num="15">
      <proposal name="MDUcu" role-name="albert" reward="50">
        <ally name="wgBLt" role-name="lily" reward="25"/>
        <ally name="S87pa" role-name="lucy" reward="25"/>
      </proposal>
      <response name="S87pa" role-name="lucy" agree="true"/>
      <response name="wgBLt" role-name="lily" agree="false"/>
    </round>
    <round num="16">
      <proposal name="S87pa" role-name="lucy" reward="25">
        <ally name="wgBLt" role-name="lily" reward="25"/>
        <ally name="MDUcu" role-name="albert" reward="50"/>
      </proposal>
      <response name="wgBLt" role-name="lily" agree="false"/>
      <response name="MDUcu" role-name="albert" agree="true"/>
    </round>
    <round num="17">
      <proposal name="wgBLt" role-name="lily" reward="33">
        <ally name="MDUcu" role-name="albert" reward="66"/>
      </proposal>
      <response name="MDUcu" role-name="albert" agree="false"/>
    </round>
    <round num="18">
      <proposal name="MDUcu" role-name="albert" reward="66">
        <ally name="S87pa" role-name="lucy" reward="33"/>
      </proposal>
      <response name="S87pa" role-name="lucy" agree="true"/>
    </round>
  </session>
  <session num="4">
    <round num="19">
      <proposal name="S87pa" role-name="lucy" reward="25">
        <ally name="wgBLt" role-name="lily" reward="25"/>
        <ally name="MDUcu" role-name="albert" reward="50"/>
      </proposal>
      <response name="MDUcu" role-name="albert" agree="true"/>
      <response name="wgBLt" role-name="lily" agree="false"/>
    </round>
    <round num="20">
      <proposal name="wgBLt" role-name="lily" reward="33">
        <ally name="MDUcu" role-name="albert" reward="66"/>
      </proposal>
      <response name="MDUcu" role-name="albert" agree="false"/>
    </round>
    <round num="21">
      <proposal name="MDUcu" role-name="albert" reward="50">
        <ally name="wgBLt" role-name="lily" reward="25"/>
        <ally name="S87pa" role-name="lucy" reward="25"/>
      </proposal>
      <response name="wgBLt" role-name="lily" agree="false"/>
      <response name="S87pa" role-name="lucy" agree="true"/>
    </round>
    <round num="22">
      <proposal name="S87pa" role-name="lucy" reward="25">
        <ally name="wgBLt" role-name="lily" reward="25"/>
        <ally name="MDUcu" role-name="albert" reward="50"/>
      </proposal>
      <response name="MDUcu" role-name="albert" agree="true"/>
      <response name="wgBLt" role-name="lily" agree="false"/>
    </round>
    <round num="23">
      <proposal name="wgBLt" role-name="lily" reward="33">
        <ally name="MDUcu" role-name="albert" reward="66"/>
      </proposal>
      <response name="MDUcu" role-name="albert" agree="false"/>
    </round>
    <round num="24">
      <proposal name="MDUcu" role-name="albert" reward="66">
        <ally name="S87pa" role-name="lucy" reward="33"/>
      </proposal>
      <response name="S87pa" role-name="lucy" agree="true"/>
    </round>
  </session>
  <session num="5">
    <round num="25">
      <proposal name="S87pa" role-name="lucy" reward="25">
        <ally name="wgBLt" role-name="lily" reward="25"/>
        <ally name="MDUcu" role-name="albert" reward="50"/>
      </proposal>
      <response name="MDUcu" role-name="albert" agree="true"/>
      <response name="wgBLt" role-name="lily" agree="false"/>
    </round>
    <round num="26">
      <proposal name="wgBLt" role-name="lily" reward="33">
        <ally name="MDUcu" role-name="albert" reward="66"/>
      </proposal>
      <response name="MDUcu" role-name="albert" agree="false"/>
    </round>
    <round num="27">
      <proposal name="MDUcu" role-name="albert" reward="50">
        <ally name="wgBLt" role-name="lily" reward="25"/>
        <ally name="S87pa" role-name="lucy" reward="25"/>
      </proposal>
      <response name="wgBLt" role-name="lily" agree="false"/>
      <response name="S87pa" role-name="lucy" agree="true"/>
    </round>
    <round num="28">
      <proposal name="S87pa" role-name="lucy" reward="25">
        <ally name="wgBLt" role-name="lily" reward="25"/>
        <ally name="MDUcu" role-name="albert" reward="50"/>
      </proposal>
      <response name="wgBLt" role-name="lily" agree="false"/>
      <response name="MDUcu" role-name="albert" agree="true"/>
    </round>
    <round num="29">
      <proposal name="wgBLt" role-name="lily" reward="33">
        <ally name="MDUcu" role-name="albert" reward="66"/>
      </proposal>
      <response name="MDUcu" role-name="albert" agree="false"/>
    </round>
    <round num="30">
      <proposal name="MDUcu" role-name="albert" reward="66">
        <ally name="S87pa" role-name="lucy" reward="33"/>
      </proposal>
      <response name="S87pa" role-name="lucy" agree="true"/>
    </round>
  </session>
  <session num="6">
    <round num="31">
      <proposal name="S87pa" role-name="lucy" reward="25">
        <ally name="wgBLt" role-name="lily" reward="25"/>
        <ally name="MDUcu" role-name="albert" reward="50"/>
      </proposal>
      <response name="MDUcu" role-name="albert" agree="true"/>
      <response name="wgBLt" role-name="lily" agree="false"/>
    </round>
    <round num="32">
      <proposal name="wgBLt" role-name="lily" reward="33">
        <ally name="MDUcu" role-name="albert" reward="66"/>
      </proposal>
      <response name="MDUcu" role-name="albert" agree="false"/>
    </round>
    <round num="33">
      <proposal name="MDUcu" role-name="albert" reward="50">
        <ally name="wgBLt" role-name="lily" reward="25"/>
        <ally name="S87pa" role-name="lucy" reward="25"/>
      </proposal>
      <response name="S87pa" role-name="lucy" agree="true"/>
      <response name="wgBLt" role-name="lily" agree="false"/>
    </round>
    <round num="34">
      <proposal name="S87pa" role-name="lucy" reward="25">
        <ally name="wgBLt" role-name="lily" reward="25"/>
        <ally name="MDUcu" role-name="albert" reward="50"/>
      </proposal>
      <response name="wgBLt" role-name="lily" agree="false"/>
      <response name="MDUcu" role-name="albert" agree="true"/>
    </round>
    <round num="35">
      <proposal name="wgBLt" role-name="lily" reward="33">
        <ally name="MDUcu" role-name="albert" reward="66"/>
      </proposal>
      <response name="MDUcu" role-name="albert" agree="false"/>
    </round>
    <round num="36">
      <proposal name="MDUcu" role-name="albert" reward="66">
        <ally name="S87pa" role-name="lucy" reward="33"/>
      </proposal>
      <response name="S87pa" role-name="lucy" agree="true"/>
    </round>
  </session>
  <session num="7">
    <round num="37">
      <proposal name="S87pa" role-name="lucy" reward="25">
        <ally name="wgBLt" role-name="lily" reward="25"/>
        <ally name="MDUcu" role-name="albert" reward="50"/>
      </proposal>
      <response name="MDUcu" role-name="albert" agree="true"/>
      <response name="wgBLt" role-name="lily" agree="false"/>
    </round>
    <round num="38">
      <proposal name="wgBLt" role-name="lily" reward="33">
        <ally name="MDUcu" role-name="albert" reward="66"/>
      </proposal>
      <response name="MDUcu" role-name="albert" agree="false"/>
    </round>
    <round num="39">
      <proposal name="MDUcu" role-name="albert" reward="50">
        <ally name="wgBLt" role-name="lily" reward="25"/>
        <ally name="S87pa" role-name="lucy" reward="25"/>
      </proposal>
      <response name="wgBLt" role-name="lily" agree="false"/>
      <response name="S87pa" role-name="lucy" agree="true"/>
    </round>
    <round num="40">
      <proposal name="S87pa" role-name="lucy" reward="25">
        <ally name="wgBLt" role-name="lily" reward="25"/>
        <ally name="MDUcu" role-name="albert" reward="50"/>
      </proposal>
      <response name="wgBLt" role-name="lily" agree="false"/>
      <response name="MDUcu" role-name="albert" agree="true"/>
    </round>
    <round num="41">
      <proposal name="wgBLt" role-name="lily" reward="33">
        <ally name="MDUcu" role-name="albert" reward="66"/>
      </proposal>
      <response name="MDUcu" role-name="albert" agree="false"/>
    </round>
    <round num="42">
      <proposal name="MDUcu" role-name="albert" reward="66">
        <ally name="S87pa" role-name="lucy" reward="33"/>
      </proposal>
      <response name="S87pa" role-name="lucy" agree="true"/>
    </round>
  </session>
  <session num="8">
    <round num="43">
      <proposal name="S87pa" role-name="lucy" reward="25">
        <ally name="wgBLt" role-name="lily" reward="25"/>
        <ally name="MDUcu" role-name="albert" reward="50"/>
      </proposal>
      <response name="wgBLt" role-name="lily" agree="false"/>
      <response name="MDUcu" role-name="albert" agree="true"/>
    </round>
    <round num="44">
      <proposal name="wgBLt" role-name="lily" reward="33">
        <ally name="MDUcu" role-name="albert" reward="66"/>
      </proposal>
      <response name="MDUcu" role-name="albert" agree="false"/>
    </round>
    <round num="45">
      <proposal name="MDUcu" role-name="albert" reward="50">
        <ally name="wgBLt" role-name="lily" reward="25"/>
        <ally name="S87pa" role-name="lucy" reward="25"/>
      </proposal>
      <response name="wgBLt" role-name="lily" agree="false"/>
      <response name="S87pa" role-name="lucy" agree="true"/>
    </round>
    <round num="46">
      <proposal name="S87pa" role-name="lucy" reward="25">
        <ally name="wgBLt" role-name="lily" reward="25"/>
        <ally name="MDUcu" role-name="albert" reward="50"/>
      </proposal>
      <response name="wgBLt" role-name="lily" agree="false"/>
      <response name="MDUcu" role-name="albert" agree="true"/>
    </round>
    <round num="47">
      <proposal name="wgBLt" role-name="lily" reward="33">
        <ally name="MDUcu" role-name="albert" reward="66"/>
      </proposal>
      <response name="MDUcu" role-name="albert" agree="false"/>
    </round>
    <round num="48">
      <proposal name="MDUcu" role-name="albert" reward="66">
        <ally name="S87pa" role-name="lucy" reward="33"/>
      </proposal>
      <response name="S87pa" role-name="lucy" agree="true"/>
    </round>
  </session>
  <session num="9">
    <round num="49">
      <proposal name="S87pa" role-name="lucy" reward="25">
        <ally name="wgBLt" role-name="lily" reward="25"/>
        <ally name="MDUcu" role-name="albert" reward="50"/>
      </proposal>
      <response name="wgBLt" role-name="lily" agree="false"/>
      <response name="MDUcu" role-name="albert" agree="true"/>
    </round>
    <round num="50">
      <proposal name="wgBLt" role-name="lily" reward="33">
        <ally name="MDUcu" role-name="albert" reward="66"/>
      </proposal>
      <response name="MDUcu" role-name="albert" agree="false"/>
    </round>
    <round num="51">
      <proposal name="MDUcu" role-name="albert" reward="50">
        <ally name="wgBLt" role-name="lily" reward="25"/>
        <ally name="S87pa" role-name="lucy" reward="25"/>
      </proposal>
      <response name="S87pa" role-name="lucy" agree="true"/>
      <response name="wgBLt" role-name="lily" agree="false"/>
    </round>
    <round num="52">
      <proposal name="S87pa" role-name="lucy" reward="25">
        <ally name="wgBLt" role-name="lily" reward="25"/>
        <ally name="MDUcu" role-name="albert" reward="50"/>
      </proposal>
      <response name="MDUcu" role-name="albert" agree="true"/>
      <response name="wgBLt" role-name="lily" agree="false"/>
    </round>
    <round num="53">
      <proposal name="wgBLt" role-name="lily" reward="33">
        <ally name="MDUcu" role-name="albert" reward="66"/>
      </proposal>
      <response name="MDUcu" role-name="albert" agree="false"/>
    </round>
    <round num="54">
      <proposal name="MDUcu" role-name="albert" reward="66">
        <ally name="S87pa" role-name="lucy" reward="33"/>
      </proposal>
      <response name="S87pa" role-name="lucy" agree="true"/>
    </round>
  </session>
  <session num="10">
    <round num="55">
      <proposal name="S87pa" role-name="lucy" reward="25">
        <ally name="wgBLt" role-name="lily" reward="25"/>
        <ally name="MDUcu" role-name="albert" reward="50"/>
      </proposal>
      <response name="MDUcu" role-name="albert" agree="true"/>
      <response name="wgBLt" role-name="lily" agree="false"/>
    </round>
    <round num="56">
      <proposal name="wgBLt" role-name="lily" reward="33">
        <ally name="MDUcu" role-name="albert" reward="66"/>
      </proposal>
      <response name="MDUcu" role-name="albert" agree="false"/>
    </round>
    <round num="57">
      <proposal name="MDUcu" role-name="albert" reward="50">
        <ally name="wgBLt" role-name="lily" reward="25"/>
        <ally name="S87pa" role-name="lucy" reward="25"/>
      </proposal>
      <response name="S87pa" role-name="lucy" agree="true"/>
      <response name="wgBLt" role-name="lily" agree="false"/>
    </round>
    <round num="58">
      <proposal name="S87pa" role-name="lucy" reward="25">
        <ally name="wgBLt" role-name="lily" reward="25"/>
        <ally name="MDUcu" role-name="albert" reward="50"/>
      </proposal>
      <response name="MDUcu" role-name="albert" agree="true"/>
      <response name="wgBLt" role-name="lily" agree="false"/>
    </round>
    <round num="59">
      <proposal name="wgBLt" role-name="lily" reward="33">
        <ally name="MDUcu" role-name="albert" reward="66"/>
      </proposal>
      <response name="MDUcu" role-name="albert" agree="false"/>
    </round>
    <round num="60">
      <proposal name="MDUcu" role-name="albert" reward="66">
        <ally name="S87pa" role-name="lucy" reward="33"/>
      </proposal>
      <response name="S87pa" role-name="lucy" agree="true"/>
    </round>
  </session>
  <session num="11">
    <round num="61">
      <proposal name="S87pa" role-name="lucy" reward="25">
        <ally name="wgBLt" role-name="lily" reward="25"/>
        <ally name="MDUcu" role-name="albert" reward="50"/>
      </proposal>
      <response name="wgBLt" role-name="lily" agree="false"/>
      <response name="MDUcu" role-name="albert" agree="true"/>
    </round>
    <round num="62">
      <proposal name="wgBLt" role-name="lily" reward="33">
        <ally name="MDUcu" role-name="albert" reward="66"/>
      </proposal>
      <response name="MDUcu" role-name="albert" agree="false"/>
    </round>
    <round num="63">
      <proposal name="MDUcu" role-name="albert" reward="50">
        <ally name="wgBLt" role-name="lily" reward="25"/>
        <ally name="S87pa" role-name="lucy" reward="25"/>
      </proposal>
      <response name="wgBLt" role-name="lily" agree="false"/>
      <response name="S87pa" role-name="lucy" agree="true"/>
    </round>
    <round num="64">
      <proposal name="S87pa" role-name="lucy" reward="25">
        <ally name="wgBLt" role-name="lily" reward="25"/>
        <ally name="MDUcu" role-name="albert" reward="50"/>
      </proposal>
      <response name="wgBLt" role-name="lily" agree="false"/>
      <response name="MDUcu" role-name="albert" agree="true"/>
    </round>
    <round num="65">
      <proposal name="wgBLt" role-name="lily" reward="33">
        <ally name="MDUcu" role-name="albert" reward="66"/>
      </proposal>
      <response name="MDUcu" role-name="albert" agree="false"/>
    </round>
    <round num="66">
      <proposal name="MDUcu" role-name="albert" reward="66">
        <ally name="S87pa" role-name="lucy" reward="33"/>
      </proposal>
      <response name="S87pa" role-name="lucy" agree="true"/>
    </round>
  </session>
  <session num="12">
    <round num="67">
      <proposal name="S87pa" role-name="lucy" reward="25">
        <ally name="wgBLt" role-name="lily" reward="25"/>
        <ally name="MDUcu" role-name="albert" reward="50"/>
      </proposal>
      <response name="MDUcu" role-name="albert" agree="true"/>
      <response name="wgBLt" role-name="lily" agree="false"/>
    </round>
    <round num="68">
      <proposal name="wgBLt" role-name="lily" reward="33">
        <ally name="MDUcu" role-name="albert" reward="66"/>
      </proposal>
      <response name="MDUcu" role-name="albert" agree="false"/>
    </round>
    <round num="69">
      <proposal name="MDUcu" role-name="albert" reward="50">
        <ally name="wgBLt" role-name="lily" reward="25"/>
        <ally name="S87pa" role-name="lucy" reward="25"/>
      </proposal>
      <response name="S87pa" role-name="lucy" agree="true"/>
      <response name="wgBLt" role-name="lily" agree="false"/>
    </round>
    <round num="70">
      <proposal name="S87pa" role-name="lucy" reward="25">
        <ally name="wgBLt" role-name="lily" reward="25"/>
        <ally name="MDUcu" role-name="albert" reward="50"/>
      </proposal>
      <response name="MDUcu" role-name="albert" agree="true"/>
      <response name="wgBLt" role-name="lily" agree="false"/>
    </round>
    <round num="71">
      <proposal name="wgBLt" role-name="lily" reward="33">
        <ally name="MDUcu" role-name="albert" reward="66"/>
      </proposal>
      <response name="MDUcu" role-name="albert" agree="false"/>
    </round>
    <round num="72">
      <proposal name="MDUcu" role-name="albert" reward="66">
        <ally name="S87pa" role-name="lucy" reward="33"/>
      </proposal>
      <response name="S87pa" role-name="lucy" agree="true"/>
    </round>
  </session>
  <session num="13">
    <round num="73">
      <proposal name="S87pa" role-name="lucy" reward="25">
        <ally name="wgBLt" role-name="lily" reward="25"/>
        <ally name="MDUcu" role-name="albert" reward="50"/>
      </proposal>
      <response name="MDUcu" role-name="albert" agree="true"/>
      <response name="wgBLt" role-name="lily" agree="false"/>
    </round>
    <round num="74">
      <proposal name="wgBLt" role-name="lily" reward="33">
        <ally name="MDUcu" role-name="albert" reward="66"/>
      </proposal>
      <response name="MDUcu" role-name="albert" agree="false"/>
    </round>
    <round num="75">
      <proposal name="MDUcu" role-name="albert" reward="50">
        <ally name="wgBLt" role-name="lily" reward="25"/>
        <ally name="S87pa" role-name="lucy" reward="25"/>
      </proposal>
      <response name="wgBLt" role-name="lily" agree="false"/>
      <response name="S87pa" role-name="lucy" agree="true"/>
    </round>
    <round num="76">
      <proposal name="S87pa" role-name="lucy" reward="25">
        <ally name="wgBLt" role-name="lily" reward="25"/>
        <ally name="MDUcu" role-name="albert" reward="50"/>
      </proposal>
      <response name="MDUcu" role-name="albert" agree="true"/>
      <response name="wgBLt" role-name="lily" agree="false"/>
    </round>
    <round num="77">
      <proposal name="wgBLt" role-name="lily" reward="33">
        <ally name="MDUcu" role-name="albert" reward="66"/>
      </proposal>
      <response name="MDUcu" role-name="albert" agree="false"/>
    </round>
    <round num="78">
      <proposal name="MDUcu" role-name="albert" reward="66">
        <ally name="S87pa" role-name="lucy" reward="33"/>
      </proposal>
      <response name="S87pa" role-name="lucy" agree="true"/>
    </round>
  </session>
  <session num="14">
    <round num="79">
      <proposal name="S87pa" role-name="lucy" reward="25">
        <ally name="wgBLt" role-name="lily" reward="25"/>
        <ally name="MDUcu" role-name="albert" reward="50"/>
      </proposal>
      <response name="MDUcu" role-name="albert" agree="true"/>
      <response name="wgBLt" role-name="lily" agree="false"/>
    </round>
    <round num="80">
      <proposal name="wgBLt" role-name="lily" reward="33">
        <ally name="MDUcu" role-name="albert" reward="66"/>
      </proposal>
      <response name="MDUcu" role-name="albert" agree="false"/>
    </round>
    <round num="81">
      <proposal name="MDUcu" role-name="albert" reward="50">
        <ally name="wgBLt" role-name="lily" reward="25"/>
        <ally name="S87pa" role-name="lucy" reward="25"/>
      </proposal>
      <response name="wgBLt" role-name="lily" agree="false"/>
      <response name="S87pa" role-name="lucy" agree="true"/>
    </round>
    <round num="82">
      <proposal name="S87pa" role-name="lucy" reward="25">
        <ally name="wgBLt" role-name="lily" reward="25"/>
        <ally name="MDUcu" role-name="albert" reward="50"/>
      </proposal>
      <response name="wgBLt" role-name="lily" agree="false"/>
      <response name="MDUcu" role-name="albert" agree="true"/>
    </round>
    <round num="83">
      <proposal name="wgBLt" role-name="lily" reward="33">
        <ally name="MDUcu" role-name="albert" reward="66"/>
      </proposal>
      <response name="MDUcu" role-name="albert" agree="false"/>
    </round>
    <round num="84">
      <proposal name="MDUcu" role-name="albert" reward="66">
        <ally name="S87pa" role-name="lucy" reward="33"/>
      </proposal>
      <response name="S87pa" role-name="lucy" agree="true"/>
    </round>
  </session>
  <session num="15">
    <round num="85">
      <proposal name="S87pa" role-name="lucy" reward="25">
        <ally name="wgBLt" role-name="lily" reward="25"/>
        <ally name="MDUcu" role-name="albert" reward="50"/>
      </proposal>
      <response name="wgBLt" role-name="lily" agree="false"/>
      <response name="MDUcu" role-name="albert" agree="true"/>
    </round>
    <round num="86">
      <proposal name="wgBLt" role-name="lily" reward="33">
        <ally name="MDUcu" role-name="albert" reward="66"/>
      </proposal>
      <response name="MDUcu" role-name="albert" agree="false"/>
    </round>
    <round num="87">
      <proposal name="MDUcu" role-name="albert" reward="50">
        <ally name="wgBLt" role-name="lily" reward="25"/>
        <ally name="S87pa" role-name="lucy" reward="25"/>
      </proposal>
      <response name="S87pa" role-name="lucy" agree="true"/>
      <response name="wgBLt" role-name="lily" agree="false"/>
    </round>
    <round num="88">
      <proposal name="S87pa" role-name="lucy" reward="25">
        <ally name="wgBLt" role-name="lily" reward="25"/>
        <ally name="MDUcu" role-name="albert" reward="50"/>
      </proposal>
      <response name="wgBLt" role-name="lily" agree="false"/>
      <response name="MDUcu" role-name="albert" agree="true"/>
    </round>
    <round num="89">
      <proposal name="wgBLt" role-name="lily" reward="33">
        <ally name="MDUcu" role-name="albert" reward="66"/>
      </proposal>
      <response name="MDUcu" role-name="albert" agree="false"/>
    </round>
    <round num="90">
      <proposal name="MDUcu" role-name="albert" reward="66">
        <ally name="S87pa" role-name="lucy" reward="33"/>
      </proposal>
      <response name="S87pa" role-name="lucy" agree="true"/>
    </round>
  </session>
  <session num="16">
    <round num="91">
      <proposal name="S87pa" role-name="lucy" reward="25">
        <ally name="wgBLt" role-name="lily" reward="25"/>
        <ally name="MDUcu" role-name="albert" reward="50"/>
      </proposal>
      <response name="MDUcu" role-name="albert" agree="true"/>
      <response name="wgBLt" role-name="lily" agree="false"/>
    </round>
    <round num="92">
      <proposal name="wgBLt" role-name="lily" reward="33">
        <ally name="MDUcu" role-name="albert" reward="66"/>
      </proposal>
      <response name="MDUcu" role-name="albert" agree="false"/>
    </round>
    <round num="93">
      <proposal name="MDUcu" role-name="albert" reward="50">
        <ally name="wgBLt" role-name="lily" reward="25"/>
        <ally name="S87pa" role-name="lucy" reward="25"/>
      </proposal>
      <response name="wgBLt" role-name="lily" agree="false"/>
      <response name="S87pa" role-name="lucy" agree="true"/>
    </round>
    <round num="94">
      <proposal name="S87pa" role-name="lucy" reward="25">
        <ally name="wgBLt" role-name="lily" reward="25"/>
        <ally name="MDUcu" role-name="albert" reward="50"/>
      </proposal>
      <response name="wgBLt" role-name="lily" agree="false"/>
      <response name="MDUcu" role-name="albert" agree="true"/>
    </round>
    <round num="95">
      <proposal name="wgBLt" role-name="lily" reward="33">
        <ally name="MDUcu" role-name="albert" reward="66"/>
      </proposal>
      <response name="MDUcu" role-name="albert" agree="false"/>
    </round>
    <round num="96">
      <proposal name="MDUcu" role-name="albert" reward="66">
        <ally name="S87pa" role-name="lucy" reward="33"/>
      </proposal>
      <response name="S87pa" role-name="lucy" agree="true"/>
    </round>
  </session>
  <session num="17">
    <round num="97">
      <proposal name="S87pa" role-name="lucy" reward="25">
        <ally name="wgBLt" role-name="lily" reward="25"/>
        <ally name="MDUcu" role-name="albert" reward="50"/>
      </proposal>
      <response name="MDUcu" role-name="albert" agree="true"/>
      <response name="wgBLt" role-name="lily" agree="false"/>
    </round>
    <round num="98">
      <proposal name="wgBLt" role-name="lily" reward="33">
        <ally name="MDUcu" role-name="albert" reward="66"/>
      </proposal>
      <response name="MDUcu" role-name="albert" agree="false"/>
    </round>
    <round num="99">
      <proposal name="MDUcu" role-name="albert" reward="50">
        <ally name="wgBLt" role-name="lily" reward="25"/>
        <ally name="S87pa" role-name="lucy" reward="25"/>
      </proposal>
      <response name="wgBLt" role-name="lily" agree="false"/>
      <response name="S87pa" role-name="lucy" agree="true"/>
    </round>
    <round num="100">
      <proposal name="S87pa" role-name="lucy" reward="25">
        <ally name="wgBLt" role-name="lily" reward="25"/>
        <ally name="MDUcu" role-name="albert" reward="50"/>
      </proposal>
      <response name="wgBLt" role-name="lily" agree="false"/>
      <response name="MDUcu" role-name="albert" agree="true"/>
    </round>
    <round num="101">
      <proposal name="wgBLt" role-name="lily" reward="33">
        <ally name="MDUcu" role-name="albert" reward="66"/>
      </proposal>
      <response name="MDUcu" role-name="albert" agree="false"/>
    </round>
    <round num="102">
      <proposal name="MDUcu" role-name="albert" reward="66">
        <ally name="S87pa" role-name="lucy" reward="33"/>
      </proposal>
      <response name="S87pa" role-name="lucy" agree="true"/>
    </round>
  </session>
  <session num="18">
    <round num="103">
      <proposal name="S87pa" role-name="lucy" reward="25">
        <ally name="wgBLt" role-name="lily" reward="25"/>
        <ally name="MDUcu" role-name="albert" reward="50"/>
      </proposal>
      <response name="MDUcu" role-name="albert" agree="true"/>
      <response name="wgBLt" role-name="lily" agree="false"/>
    </round>
    <round num="104">
      <proposal name="wgBLt" role-name="lily" reward="33">
        <ally name="MDUcu" role-name="albert" reward="66"/>
      </proposal>
      <response name="MDUcu" role-name="albert" agree="false"/>
    </round>
    <round num="105">
      <proposal name="MDUcu" role-name="albert" reward="50">
        <ally name="wgBLt" role-name="lily" reward="25"/>
        <ally name="S87pa" role-name="lucy" reward="25"/>
      </proposal>
      <response name="wgBLt" role-name="lily" agree="false"/>
      <response name="S87pa" role-name="lucy" agree="true"/>
    </round>
    <round num="106">
      <proposal name="S87pa" role-name="lucy" reward="25">
        <ally name="wgBLt" role-name="lily" reward="25"/>
        <ally name="MDUcu" role-name="albert" reward="50"/>
      </proposal>
      <response name="wgBLt" role-name="lily" agree="false"/>
      <response name="MDUcu" role-name="albert" agree="true"/>
    </round>
    <round num="107">
      <proposal name="wgBLt" role-name="lily" reward="33">
        <ally name="MDUcu" role-name="albert" reward="66"/>
      </proposal>
      <response name="MDUcu" role-name="albert" agree="false"/>
    </round>
    <round num="108">
      <proposal name="MDUcu" role-name="albert" reward="66">
        <ally name="S87pa" role-name="lucy" reward="33"/>
      </proposal>
      <response name="S87pa" role-name="lucy" agree="true"/>
    </round>
  </session>
  <session num="19">
    <round num="109">
      <proposal name="S87pa" role-name="lucy" reward="25">
        <ally name="wgBLt" role-name="lily" reward="25"/>
        <ally name="MDUcu" role-name="albert" reward="50"/>
      </proposal>
      <response name="wgBLt" role-name="lily" agree="false"/>
      <response name="MDUcu" role-name="albert" agree="true"/>
    </round>
    <round num="110">
      <proposal name="wgBLt" role-name="lily" reward="33">
        <ally name="MDUcu" role-name="albert" reward="66"/>
      </proposal>
      <response name="MDUcu" role-name="albert" agree="false"/>
    </round>
    <round num="111">
      <proposal name="MDUcu" role-name="albert" reward="50">
        <ally name="wgBLt" role-name="lily" reward="25"/>
        <ally name="S87pa" role-name="lucy" reward="25"/>
      </proposal>
      <response name="wgBLt" role-name="lily" agree="false"/>
      <response name="S87pa" role-name="lucy" agree="true"/>
    </round>
    <round num="112">
      <proposal name="S87pa" role-name="lucy" reward="25">
        <ally name="wgBLt" role-name="lily" reward="25"/>
        <ally name="MDUcu" role-name="albert" reward="50"/>
      </proposal>
      <response name="MDUcu" role-name="albert" agree="true"/>
      <response name="wgBLt" role-name="lily" agree="false"/>
    </round>
    <round num="113">
      <proposal name="wgBLt" role-name="lily" reward="33">
        <ally name="MDUcu" role-name="albert" reward="66"/>
      </proposal>
      <response name="MDUcu" role-name="albert" agree="false"/>
    </round>
    <round num="114">
      <proposal name="MDUcu" role-name="albert" reward="66">
        <ally name="S87pa" role-name="lucy" reward="33"/>
      </proposal>
      <response name="S87pa" role-name="lucy" agree="true"/>
    </round>
  </session>
  <session num="20">
    <round num="115">
      <proposal name="S87pa" role-name="lucy" reward="25">
        <ally name="wgBLt" role-name="lily" reward="25"/>
        <ally name="MDUcu" role-name="albert" reward="50"/>
      </proposal>
      <response name="wgBLt" role-name="lily" agree="false"/>
      <response name="MDUcu" role-name="albert" agree="true"/>
    </round>
    <round num="116">
      <proposal name="wgBLt" role-name="lily" reward="33">
        <ally name="MDUcu" role-name="albert" reward="66"/>
      </proposal>
      <response name="MDUcu" role-name="albert" agree="false"/>
    </round>
    <round num="117">
      <proposal name="MDUcu" role-name="albert" reward="50">
        <ally name="wgBLt" role-name="lily" reward="25"/>
        <ally name="S87pa" role-name="lucy" reward="25"/>
      </proposal>
      <response name="wgBLt" role-name="lily" agree="false"/>
      <response name="S87pa" role-name="lucy" agree="true"/>
    </round>
    <round num="118">
      <proposal name="S87pa" role-name="lucy" reward="25">
        <ally name="wgBLt" role-name="lily" reward="25"/>
        <ally name="MDUcu" role-name="albert" reward="50"/>
      </proposal>
      <response name="MDUcu" role-name="albert" agree="true"/>
      <response name="wgBLt" role-name="lily" agree="false"/>
    </round>
    <round num="119">
      <proposal name="wgBLt" role-name="lily" reward="33">
        <ally name="MDUcu" role-name="albert" reward="66"/>
      </proposal>
      <response name="MDUcu" role-name="albert" agree="false"/>
    </round>
    <round num="120">
      <proposal name="MDUcu" role-name="albert" reward="66">
        <ally name="S87pa" role-name="lucy" reward="33"/>
      </proposal>
      <response name="S87pa" role-name="lucy" agree="true"/>
    </round>
  </session>
  <session num="21">
    <round num="121">
      <proposal name="S87pa" role-name="lucy" reward="25">
        <ally name="wgBLt" role-name="lily" reward="25"/>
        <ally name="MDUcu" role-name="albert" reward="50"/>
      </proposal>
      <response name="MDUcu" role-name="albert" agree="true"/>
      <response name="wgBLt" role-name="lily" agree="false"/>
    </round>
    <round num="122">
      <proposal name="wgBLt" role-name="lily" reward="33">
        <ally name="MDUcu" role-name="albert" reward="66"/>
      </proposal>
      <response name="MDUcu" role-name="albert" agree="false"/>
    </round>
    <round num="123">
      <proposal name="MDUcu" role-name="albert" reward="50">
        <ally name="wgBLt" role-name="lily" reward="25"/>
        <ally name="S87pa" role-name="lucy" reward="25"/>
      </proposal>
      <response name="wgBLt" role-name="lily" agree="false"/>
      <response name="S87pa" role-name="lucy" agree="true"/>
    </round>
    <round num="124">
      <proposal name="S87pa" role-name="lucy" reward="25">
        <ally name="wgBLt" role-name="lily" reward="25"/>
        <ally name="MDUcu" role-name="albert" reward="50"/>
      </proposal>
      <response name="MDUcu" role-name="albert" agree="true"/>
      <response name="wgBLt" role-name="lily" agree="false"/>
    </round>
    <round num="125">
      <proposal name="wgBLt" role-name="lily" reward="33">
        <ally name="MDUcu" role-name="albert" reward="66"/>
      </proposal>
      <response name="MDUcu" role-name="albert" agree="false"/>
    </round>
    <round num="126">
      <proposal name="MDUcu" role-name="albert" reward="66">
        <ally name="S87pa" role-name="lucy" reward="33"/>
      </proposal>
      <response name="S87pa" role-name="lucy" agree="true"/>
    </round>
  </session>
  <session num="22">
    <round num="127">
      <proposal name="S87pa" role-name="lucy" reward="25">
        <ally name="wgBLt" role-name="lily" reward="25"/>
        <ally name="MDUcu" role-name="albert" reward="50"/>
      </proposal>
      <response name="MDUcu" role-name="albert" agree="true"/>
      <response name="wgBLt" role-name="lily" agree="false"/>
    </round>
    <round num="128">
      <proposal name="wgBLt" role-name="lily" reward="33">
        <ally name="MDUcu" role-name="albert" reward="66"/>
      </proposal>
      <response name="MDUcu" role-name="albert" agree="false"/>
    </round>
    <round num="129">
      <proposal name="MDUcu" role-name="albert" reward="50">
        <ally name="wgBLt" role-name="lily" reward="25"/>
        <ally name="S87pa" role-name="lucy" reward="25"/>
      </proposal>
      <response name="wgBLt" role-name="lily" agree="false"/>
      <response name="S87pa" role-name="lucy" agree="true"/>
    </round>
    <round num="130">
      <proposal name="S87pa" role-name="lucy" reward="25">
        <ally name="wgBLt" role-name="lily" reward="25"/>
        <ally name="MDUcu" role-name="albert" reward="50"/>
      </proposal>
      <response name="wgBLt" role-name="lily" agree="false"/>
      <response name="MDUcu" role-name="albert" agree="true"/>
    </round>
    <round num="131">
      <proposal name="wgBLt" role-name="lily" reward="33">
        <ally name="MDUcu" role-name="albert" reward="66"/>
      </proposal>
      <response name="MDUcu" role-name="albert" agree="false"/>
    </round>
    <round num="132">
      <proposal name="MDUcu" role-name="albert" reward="66">
        <ally name="S87pa" role-name="lucy" reward="33"/>
      </proposal>
      <response name="S87pa" role-name="lucy" agree="true"/>
    </round>
  </session>
  <session num="23">
    <round num="133">
      <proposal name="S87pa" role-name="lucy" reward="25">
        <ally name="wgBLt" role-name="lily" reward="25"/>
        <ally name="MDUcu" role-name="albert" reward="50"/>
      </proposal>
      <response name="MDUcu" role-name="albert" agree="true"/>
      <response name="wgBLt" role-name="lily" agree="false"/>
    </round>
    <round num="134">
      <proposal name="wgBLt" role-name="lily" reward="33">
        <ally name="MDUcu" role-name="albert" reward="66"/>
      </proposal>
      <response name="MDUcu" role-name="albert" agree="false"/>
    </round>
    <round num="135">
      <proposal name="MDUcu" role-name="albert" reward="50">
        <ally name="wgBLt" role-name="lily" reward="25"/>
        <ally name="S87pa" role-name="lucy" reward="25"/>
      </proposal>
      <response name="S87pa" role-name="lucy" agree="true"/>
      <response name="wgBLt" role-name="lily" agree="false"/>
    </round>
    <round num="136">
      <proposal name="S87pa" role-name="lucy" reward="25">
        <ally name="wgBLt" role-name="lily" reward="25"/>
        <ally name="MDUcu" role-name="albert" reward="50"/>
      </proposal>
      <response name="MDUcu" role-name="albert" agree="true"/>
      <response name="wgBLt" role-name="lily" agree="false"/>
    </round>
    <round num="137">
      <proposal name="wgBLt" role-name="lily" reward="33">
        <ally name="MDUcu" role-name="albert" reward="66"/>
      </proposal>
      <response name="MDUcu" role-name="albert" agree="false"/>
    </round>
    <round num="138">
      <proposal name="MDUcu" role-name="albert" reward="66">
        <ally name="S87pa" role-name="lucy" reward="33"/>
      </proposal>
      <response name="S87pa" role-name="lucy" agree="true"/>
    </round>
  </session>
  <session num="24">
    <round num="139">
      <proposal name="S87pa" role-name="lucy" reward="25">
        <ally name="wgBLt" role-name="lily" reward="25"/>
        <ally name="MDUcu" role-name="albert" reward="50"/>
      </proposal>
      <response name="wgBLt" role-name="lily" agree="false"/>
      <response name="MDUcu" role-name="albert" agree="true"/>
    </round>
    <round num="140">
      <proposal name="wgBLt" role-name="lily" reward="33">
        <ally name="MDUcu" role-name="albert" reward="66"/>
      </proposal>
      <response name="MDUcu" role-name="albert" agree="false"/>
    </round>
    <round num="141">
      <proposal name="MDUcu" role-name="albert" reward="50">
        <ally name="wgBLt" role-name="lily" reward="25"/>
        <ally name="S87pa" role-name="lucy" reward="25"/>
      </proposal>
      <response name="S87pa" role-name="lucy" agree="true"/>
      <response name="wgBLt" role-name="lily" agree="false"/>
    </round>
    <round num="142">
      <proposal name="S87pa" role-name="lucy" reward="25">
        <ally name="wgBLt" role-name="lily" reward="25"/>
        <ally name="MDUcu" role-name="albert" reward="50"/>
      </proposal>
      <response name="MDUcu" role-name="albert" agree="true"/>
      <response name="wgBLt" role-name="lily" agree="false"/>
    </round>
    <round num="143">
      <proposal name="wgBLt" role-name="lily" reward="33">
        <ally name="MDUcu" role-name="albert" reward="66"/>
      </proposal>
      <response name="MDUcu" role-name="albert" agree="false"/>
    </round>
    <round num="144">
      <proposal name="MDUcu" role-name="albert" reward="66">
        <ally name="S87pa" role-name="lucy" reward="33"/>
      </proposal>
      <response name="S87pa" role-name="lucy" agree="true"/>
    </round>
  </session>
  <session num="25">
    <round num="145">
      <proposal name="S87pa" role-name="lucy" reward="25">
        <ally name="wgBLt" role-name="lily" reward="25"/>
        <ally name="MDUcu" role-name="albert" reward="50"/>
      </proposal>
      <response name="wgBLt" role-name="lily" agree="false"/>
      <response name="MDUcu" role-name="albert" agree="true"/>
    </round>
    <round num="146">
      <proposal name="wgBLt" role-name="lily" reward="33">
        <ally name="MDUcu" role-name="albert" reward="66"/>
      </proposal>
      <response name="MDUcu" role-name="albert" agree="false"/>
    </round>
    <round num="147">
      <proposal name="MDUcu" role-name="albert" reward="50">
        <ally name="wgBLt" role-name="lily" reward="25"/>
        <ally name="S87pa" role-name="lucy" reward="25"/>
      </proposal>
      <response name="wgBLt" role-name="lily" agree="false"/>
      <response name="S87pa" role-name="lucy" agree="true"/>
    </round>
    <round num="148">
      <proposal name="S87pa" role-name="lucy" reward="25">
        <ally name="wgBLt" role-name="lily" reward="25"/>
        <ally name="MDUcu" role-name="albert" reward="50"/>
      </proposal>
      <response name="wgBLt" role-name="lily" agree="false"/>
      <response name="MDUcu" role-name="albert" agree="true"/>
    </round>
    <round num="149">
      <proposal name="wgBLt" role-name="lily" reward="33">
        <ally name="MDUcu" role-name="albert" reward="66"/>
      </proposal>
      <response name="MDUcu" role-name="albert" agree="false"/>
    </round>
    <round num="150">
      <proposal name="MDUcu" role-name="albert" reward="66">
        <ally name="S87pa" role-name="lucy" reward="33"/>
      </proposal>
      <response name="S87pa" role-name="lucy" agree="true"/>
    </round>
  </session>
  <session num="26">
    <round num="151">
      <proposal name="S87pa" role-name="lucy" reward="25">
        <ally name="wgBLt" role-name="lily" reward="25"/>
        <ally name="MDUcu" role-name="albert" reward="50"/>
      </proposal>
      <response name="wgBLt" role-name="lily" agree="false"/>
      <response name="MDUcu" role-name="albert" agree="true"/>
    </round>
    <round num="152">
      <proposal name="wgBLt" role-name="lily" reward="33">
        <ally name="MDUcu" role-name="albert" reward="66"/>
      </proposal>
      <response name="MDUcu" role-name="albert" agree="false"/>
    </round>
    <round num="153">
      <proposal name="MDUcu" role-name="albert" reward="50">
        <ally name="wgBLt" role-name="lily" reward="25"/>
        <ally name="S87pa" role-name="lucy" reward="25"/>
      </proposal>
      <response name="wgBLt" role-name="lily" agree="false"/>
      <response name="S87pa" role-name="lucy" agree="true"/>
    </round>
    <round num="154">
      <proposal name="S87pa" role-name="lucy" reward="25">
        <ally name="wgBLt" role-name="lily" reward="25"/>
        <ally name="MDUcu" role-name="albert" reward="50"/>
      </proposal>
      <response name="wgBLt" role-name="lily" agree="false"/>
      <response name="MDUcu" role-name="albert" agree="true"/>
    </round>
    <round num="155">
      <proposal name="wgBLt" role-name="lily" reward="33">
        <ally name="MDUcu" role-name="albert" reward="66"/>
      </proposal>
      <response name="MDUcu" role-name="albert" agree="false"/>
    </round>
    <round num="156">
      <proposal name="MDUcu" role-name="albert" reward="66">
        <ally name="S87pa" role-name="lucy" reward="33"/>
      </proposal>
      <response name="S87pa" role-name="lucy" agree="true"/>
    </round>
  </session>
  <session num="27">
    <round num="157">
      <proposal name="S87pa" role-name="lucy" reward="25">
        <ally name="wgBLt" role-name="lily" reward="25"/>
        <ally name="MDUcu" role-name="albert" reward="50"/>
      </proposal>
      <response name="wgBLt" role-name="lily" agree="false"/>
      <response name="MDUcu" role-name="albert" agree="true"/>
    </round>
    <round num="158">
      <proposal name="wgBLt" role-name="lily" reward="33">
        <ally name="MDUcu" role-name="albert" reward="66"/>
      </proposal>
      <response name="MDUcu" role-name="albert" agree="false"/>
    </round>
    <round num="159">
      <proposal name="MDUcu" role-name="albert" reward="50">
        <ally name="wgBLt" role-name="lily" reward="25"/>
        <ally name="S87pa" role-name="lucy" reward="25"/>
      </proposal>
      <response name="S87pa" role-name="lucy" agree="true"/>
      <response name="wgBLt" role-name="lily" agree="false"/>
    </round>
    <round num="160">
      <proposal name="S87pa" role-name="lucy" reward="25">
        <ally name="wgBLt" role-name="lily" reward="25"/>
        <ally name="MDUcu" role-name="albert" reward="50"/>
      </proposal>
      <response name="MDUcu" role-name="albert" agree="true"/>
      <response name="wgBLt" role-name="lily" agree="false"/>
    </round>
    <round num="161">
      <proposal name="wgBLt" role-name="lily" reward="33">
        <ally name="MDUcu" role-name="albert" reward="66"/>
      </proposal>
      <response name="MDUcu" role-name="albert" agree="false"/>
    </round>
    <round num="162">
      <proposal name="MDUcu" role-name="albert" reward="66">
        <ally name="S87pa" role-name="lucy" reward="33"/>
      </proposal>
      <response name="S87pa" role-name="lucy" agree="true"/>
    </round>
  </session>
  <session num="28">
    <round num="163">
      <proposal name="S87pa" role-name="lucy" reward="25">
        <ally name="wgBLt" role-name="lily" reward="25"/>
        <ally name="MDUcu" role-name="albert" reward="50"/>
      </proposal>
      <response name="wgBLt" role-name="lily" agree="false"/>
      <response name="MDUcu" role-name="albert" agree="true"/>
    </round>
    <round num="164">
      <proposal name="wgBLt" role-name="lily" reward="33">
        <ally name="MDUcu" role-name="albert" reward="66"/>
      </proposal>
      <response name="MDUcu" role-name="albert" agree="false"/>
    </round>
    <round num="165">
      <proposal name="MDUcu" role-name="albert" reward="50">
        <ally name="wgBLt" role-name="lily" reward="25"/>
        <ally name="S87pa" role-name="lucy" reward="25"/>
      </proposal>
      <response name="S87pa" role-name="lucy" agree="true"/>
      <response name="wgBLt" role-name="lily" agree="false"/>
    </round>
    <round num="166">
      <proposal name="S87pa" role-name="lucy" reward="25">
        <ally name="wgBLt" role-name="lily" reward="25"/>
        <ally name="MDUcu" role-name="albert" reward="50"/>
      </proposal>
      <response name="wgBLt" role-name="lily" agree="false"/>
      <response name="MDUcu" role-name="albert" agree="true"/>
    </round>
    <round num="167">
      <proposal name="wgBLt" role-name="lily" reward="33">
        <ally name="MDUcu" role-name="albert" reward="66"/>
      </proposal>
      <response name="MDUcu" role-name="albert" agree="false"/>
    </round>
    <round num="168">
      <proposal name="MDUcu" role-name="albert" reward="66">
        <ally name="S87pa" role-name="lucy" reward="33"/>
      </proposal>
      <response name="S87pa" role-name="lucy" agree="true"/>
    </round>
  </session>
  <session num="29">
    <round num="169">
      <proposal name="S87pa" role-name="lucy" reward="25">
        <ally name="wgBLt" role-name="lily" reward="25"/>
        <ally name="MDUcu" role-name="albert" reward="50"/>
      </proposal>
      <response name="wgBLt" role-name="lily" agree="false"/>
      <response name="MDUcu" role-name="albert" agree="true"/>
    </round>
    <round num="170">
      <proposal name="wgBLt" role-name="lily" reward="33">
        <ally name="MDUcu" role-name="albert" reward="66"/>
      </proposal>
      <response name="MDUcu" role-name="albert" agree="false"/>
    </round>
    <round num="171">
      <proposal name="MDUcu" role-name="albert" reward="50">
        <ally name="wgBLt" role-name="lily" reward="25"/>
        <ally name="S87pa" role-name="lucy" reward="25"/>
      </proposal>
      <response name="S87pa" role-name="lucy" agree="true"/>
      <response name="wgBLt" role-name="lily" agree="false"/>
    </round>
    <round num="172">
      <proposal name="S87pa" role-name="lucy" reward="25">
        <ally name="wgBLt" role-name="lily" reward="25"/>
        <ally name="MDUcu" role-name="albert" reward="50"/>
      </proposal>
      <response name="MDUcu" role-name="albert" agree="true"/>
      <response name="wgBLt" role-name="lily" agree="false"/>
    </round>
    <round num="173">
      <proposal name="wgBLt" role-name="lily" reward="33">
        <ally name="MDUcu" role-name="albert" reward="66"/>
      </proposal>
      <response name="MDUcu" role-name="albert" agree="false"/>
    </round>
    <round num="174">
      <proposal name="MDUcu" role-name="albert" reward="66">
        <ally name="S87pa" role-name="lucy" reward="33"/>
      </proposal>
      <response name="S87pa" role-name="lucy" agree="true"/>
    </round>
  </session>
  <session num="30">
    <round num="175">
      <proposal name="S87pa" role-name="lucy" reward="25">
        <ally name="wgBLt" role-name="lily" reward="25"/>
        <ally name="MDUcu" role-name="albert" reward="50"/>
      </proposal>
      <response name="MDUcu" role-name="albert" agree="true"/>
      <response name="wgBLt" role-name="lily" agree="false"/>
    </round>
    <round num="176">
      <proposal name="wgBLt" role-name="lily" reward="33">
        <ally name="MDUcu" role-name="albert" reward="66"/>
      </proposal>
      <response name="MDUcu" role-name="albert" agree="false"/>
    </round>
    <round num="177">
      <proposal name="MDUcu" role-name="albert" reward="50">
        <ally name="wgBLt" role-name="lily" reward="25"/>
        <ally name="S87pa" role-name="lucy" reward="25"/>
      </proposal>
      <response name="S87pa" role-name="lucy" agree="true"/>
      <response name="wgBLt" role-name="lily" agree="false"/>
    </round>
    <round num="178">
      <proposal name="S87pa" role-name="lucy" reward="25">
        <ally name="wgBLt" role-name="lily" reward="25"/>
        <ally name="MDUcu" role-name="albert" reward="50"/>
      </proposal>
      <response name="MDUcu" role-name="albert" agree="true"/>
      <response name="wgBLt" role-name="lily" agree="false"/>
    </round>
    <round num="179">
      <proposal name="wgBLt" role-name="lily" reward="33">
        <ally name="MDUcu" role-name="albert" reward="66"/>
      </proposal>
      <response name="MDUcu" role-name="albert" agree="false"/>
    </round>
    <round num="180">
      <proposal name="MDUcu" role-name="albert" reward="66">
        <ally name="S87pa" role-name="lucy" reward="33"/>
      </proposal>
      <response name="S87pa" role-name="lucy" agree="true"/>
    </round>
  </session>
  <session num="31">
    <round num="181">
      <proposal name="S87pa" role-name="lucy" reward="25">
        <ally name="wgBLt" role-name="lily" reward="25"/>
        <ally name="MDUcu" role-name="albert" reward="50"/>
      </proposal>
      <response name="wgBLt" role-name="lily" agree="false"/>
      <response name="MDUcu" role-name="albert" agree="true"/>
    </round>
    <round num="182">
      <proposal name="wgBLt" role-name="lily" reward="33">
        <ally name="MDUcu" role-name="albert" reward="66"/>
      </proposal>
      <response name="MDUcu" role-name="albert" agree="false"/>
    </round>
    <round num="183">
      <proposal name="MDUcu" role-name="albert" reward="50">
        <ally name="wgBLt" role-name="lily" reward="25"/>
        <ally name="S87pa" role-name="lucy" reward="25"/>
      </proposal>
      <response name="wgBLt" role-name="lily" agree="false"/>
      <response name="S87pa" role-name="lucy" agree="true"/>
    </round>
    <round num="184">
      <proposal name="S87pa" role-name="lucy" reward="25">
        <ally name="wgBLt" role-name="lily" reward="25"/>
        <ally name="MDUcu" role-name="albert" reward="50"/>
      </proposal>
      <response name="wgBLt" role-name="lily" agree="false"/>
      <response name="MDUcu" role-name="albert" agree="true"/>
    </round>
    <round num="185">
      <proposal name="wgBLt" role-name="lily" reward="33">
        <ally name="MDUcu" role-name="albert" reward="66"/>
      </proposal>
      <response name="MDUcu" role-name="albert" agree="false"/>
    </round>
    <round num="186">
      <proposal name="MDUcu" role-name="albert" reward="66">
        <ally name="S87pa" role-name="lucy" reward="33"/>
      </proposal>
      <response name="S87pa" role-name="lucy" agree="true"/>
    </round>
  </session>
  <session num="32">
    <round num="187">
      <proposal name="S87pa" role-name="lucy" reward="25">
        <ally name="wgBLt" role-name="lily" reward="25"/>
        <ally name="MDUcu" role-name="albert" reward="50"/>
      </proposal>
      <response name="MDUcu" role-name="albert" agree="true"/>
      <response name="wgBLt" role-name="lily" agree="false"/>
    </round>
    <round num="188">
      <proposal name="wgBLt" role-name="lily" reward="33">
        <ally name="MDUcu" role-name="albert" reward="66"/>
      </proposal>
      <response name="MDUcu" role-name="albert" agree="false"/>
    </round>
    <round num="189">
      <proposal name="MDUcu" role-name="albert" reward="50">
        <ally name="wgBLt" role-name="lily" reward="25"/>
        <ally name="S87pa" role-name="lucy" reward="25"/>
      </proposal>
      <response name="wgBLt" role-name="lily" agree="false"/>
      <response name="S87pa" role-name="lucy" agree="true"/>
    </round>
    <round num="190">
      <proposal name="S87pa" role-name="lucy" reward="25">
        <ally name="wgBLt" role-name="lily" reward="25"/>
        <ally name="MDUcu" role-name="albert" reward="50"/>
      </proposal>
      <response name="wgBLt" role-name="lily" agree="false"/>
      <response name="MDUcu" role-name="albert" agree="true"/>
    </round>
    <round num="191">
      <proposal name="wgBLt" role-name="lily" reward="33">
        <ally name="MDUcu" role-name="albert" reward="66"/>
      </proposal>
      <response name="MDUcu" role-name="albert" agree="false"/>
    </round>
    <round num="192">
      <proposal name="MDUcu" role-name="albert" reward="66">
        <ally name="S87pa" role-name="lucy" reward="33"/>
      </proposal>
      <response name="S87pa" role-name="lucy" agree="true"/>
    </round>
  </session>
  <session num="33">
    <round num="193">
      <proposal name="S87pa" role-name="lucy" reward="25">
        <ally name="wgBLt" role-name="lily" reward="25"/>
        <ally name="MDUcu" role-name="albert" reward="50"/>
      </proposal>
      <response name="wgBLt" role-name="lily" agree="false"/>
      <response name="MDUcu" role-name="albert" agree="true"/>
    </round>
    <round num="194">
      <proposal name="wgBLt" role-name="lily" reward="33">
        <ally name="MDUcu" role-name="albert" reward="66"/>
      </proposal>
      <response name="MDUcu" role-name="albert" agree="false"/>
    </round>
    <round num="195">
      <proposal name="MDUcu" role-name="albert" reward="50">
        <ally name="wgBLt" role-name="lily" reward="25"/>
        <ally name="S87pa" role-name="lucy" reward="25"/>
      </proposal>
      <response name="wgBLt" role-name="lily" agree="false"/>
      <response name="S87pa" role-name="lucy" agree="true"/>
    </round>
    <round num="196">
      <proposal name="S87pa" role-name="lucy" reward="25">
        <ally name="wgBLt" role-name="lily" reward="25"/>
        <ally name="MDUcu" role-name="albert" reward="50"/>
      </proposal>
      <response name="wgBLt" role-name="lily" agree="false"/>
      <response name="MDUcu" role-name="albert" agree="true"/>
    </round>
    <round num="197">
      <proposal name="wgBLt" role-name="lily" reward="33">
        <ally name="MDUcu" role-name="albert" reward="66"/>
      </proposal>
      <response name="MDUcu" role-name="albert" agree="false"/>
    </round>
    <round num="198">
      <proposal name="MDUcu" role-name="albert" reward="66">
        <ally name="S87pa" role-name="lucy" reward="33"/>
      </proposal>
      <response name="S87pa" role-name="lucy" agree="true"/>
    </round>
  </session>
  <session num="34">
    <round num="199">
      <proposal name="S87pa" role-name="lucy" reward="25">
        <ally name="wgBLt" role-name="lily" reward="25"/>
        <ally name="MDUcu" role-name="albert" reward="50"/>
      </proposal>
      <response name="wgBLt" role-name="lily" agree="false"/>
      <response name="MDUcu" role-name="albert" agree="true"/>
    </round>
    <round num="200">
      <proposal name="wgBLt" role-name="lily" reward="33">
        <ally name="MDUcu" role-name="albert" reward="66"/>
      </proposal>
      <response name="MDUcu" role-name="albert" agree="false"/>
    </round>
    <round num="201">
      <proposal name="MDUcu" role-name="albert" reward="50">
        <ally name="wgBLt" role-name="lily" reward="25"/>
        <ally name="S87pa" role-name="lucy" reward="25"/>
      </proposal>
      <response name="wgBLt" role-name="lily" agree="false"/>
      <response name="S87pa" role-name="lucy" agree="true"/>
    </round>
    <round num="202">
      <proposal name="S87pa" role-name="lucy" reward="25">
        <ally name="wgBLt" role-name="lily" reward="25"/>
        <ally name="MDUcu" role-name="albert" reward="50"/>
      </proposal>
      <response name="MDUcu" role-name="albert" agree="true"/>
      <response name="wgBLt" role-name="lily" agree="false"/>
    </round>
    <round num="203">
      <proposal name="wgBLt" role-name="lily" reward="33">
        <ally name="MDUcu" role-name="albert" reward="66"/>
      </proposal>
      <response name="MDUcu" role-name="albert" agree="false"/>
    </round>
    <round num="204">
      <proposal name="MDUcu" role-name="albert" reward="66">
        <ally name="S87pa" role-name="lucy" reward="33"/>
      </proposal>
      <response name="S87pa" role-name="lucy" agree="true"/>
    </round>
  </session>
  <session num="35">
    <round num="205">
      <proposal name="S87pa" role-name="lucy" reward="25">
        <ally name="wgBLt" role-name="lily" reward="25"/>
        <ally name="MDUcu" role-name="albert" reward="50"/>
      </proposal>
      <response name="MDUcu" role-name="albert" agree="true"/>
      <response name="wgBLt" role-name="lily" agree="false"/>
    </round>
    <round num="206">
      <proposal name="wgBLt" role-name="lily" reward="33">
        <ally name="MDUcu" role-name="albert" reward="66"/>
      </proposal>
      <response name="MDUcu" role-name="albert" agree="false"/>
    </round>
    <round num="207">
      <proposal name="MDUcu" role-name="albert" reward="50">
        <ally name="wgBLt" role-name="lily" reward="25"/>
        <ally name="S87pa" role-name="lucy" reward="25"/>
      </proposal>
      <response name="wgBLt" role-name="lily" agree="false"/>
      <response name="S87pa" role-name="lucy" agree="true"/>
    </round>
    <round num="208">
      <proposal name="S87pa" role-name="lucy" reward="25">
        <ally name="wgBLt" role-name="lily" reward="25"/>
        <ally name="MDUcu" role-name="albert" reward="50"/>
      </proposal>
      <response name="wgBLt" role-name="lily" agree="false"/>
      <response name="MDUcu" role-name="albert" agree="true"/>
    </round>
    <round num="209">
      <proposal name="wgBLt" role-name="lily" reward="33">
        <ally name="MDUcu" role-name="albert" reward="66"/>
      </proposal>
      <response name="MDUcu" role-name="albert" agree="false"/>
    </round>
    <round num="210">
      <proposal name="MDUcu" role-name="albert" reward="66">
        <ally name="S87pa" role-name="lucy" reward="33"/>
      </proposal>
      <response name="S87pa" role-name="lucy" agree="true"/>
    </round>
  </session>
  <session num="36">
    <round num="211">
      <proposal name="S87pa" role-name="lucy" reward="25">
        <ally name="wgBLt" role-name="lily" reward="25"/>
        <ally name="MDUcu" role-name="albert" reward="50"/>
      </proposal>
      <response name="wgBLt" role-name="lily" agree="false"/>
      <response name="MDUcu" role-name="albert" agree="true"/>
    </round>
    <round num="212">
      <proposal name="wgBLt" role-name="lily" reward="33">
        <ally name="MDUcu" role-name="albert" reward="66"/>
      </proposal>
      <response name="MDUcu" role-name="albert" agree="false"/>
    </round>
    <round num="213">
      <proposal name="MDUcu" role-name="albert" reward="50">
        <ally name="wgBLt" role-name="lily" reward="25"/>
        <ally name="S87pa" role-name="lucy" reward="25"/>
      </proposal>
      <response name="wgBLt" role-name="lily" agree="false"/>
      <response name="S87pa" role-name="lucy" agree="true"/>
    </round>
    <round num="214">
      <proposal name="S87pa" role-name="lucy" reward="25">
        <ally name="wgBLt" role-name="lily" reward="25"/>
        <ally name="MDUcu" role-name="albert" reward="50"/>
      </proposal>
      <response name="wgBLt" role-name="lily" agree="false"/>
      <response name="MDUcu" role-name="albert" agree="true"/>
    </round>
    <round num="215">
      <proposal name="wgBLt" role-name="lily" reward="33">
        <ally name="MDUcu" role-name="albert" reward="66"/>
      </proposal>
      <response name="MDUcu" role-name="albert" agree="false"/>
    </round>
    <round num="216">
      <proposal name="MDUcu" role-name="albert" reward="66">
        <ally name="S87pa" role-name="lucy" reward="33"/>
      </proposal>
      <response name="S87pa" role-name="lucy" agree="true"/>
    </round>
  </session>
  <session num="37">
    <round num="217">
      <proposal name="S87pa" role-name="lucy" reward="25">
        <ally name="wgBLt" role-name="lily" reward="25"/>
        <ally name="MDUcu" role-name="albert" reward="50"/>
      </proposal>
      <response name="MDUcu" role-name="albert" agree="true"/>
      <response name="wgBLt" role-name="lily" agree="false"/>
    </round>
    <round num="218">
      <proposal name="wgBLt" role-name="lily" reward="33">
        <ally name="MDUcu" role-name="albert" reward="66"/>
      </proposal>
      <response name="MDUcu" role-name="albert" agree="false"/>
    </round>
    <round num="219">
      <proposal name="MDUcu" role-name="albert" reward="50">
        <ally name="wgBLt" role-name="lily" reward="25"/>
        <ally name="S87pa" role-name="lucy" reward="25"/>
      </proposal>
      <response name="wgBLt" role-name="lily" agree="false"/>
      <response name="S87pa" role-name="lucy" agree="true"/>
    </round>
    <round num="220">
      <proposal name="S87pa" role-name="lucy" reward="25">
        <ally name="wgBLt" role-name="lily" reward="25"/>
        <ally name="MDUcu" role-name="albert" reward="50"/>
      </proposal>
      <response name="wgBLt" role-name="lily" agree="false"/>
      <response name="MDUcu" role-name="albert" agree="true"/>
    </round>
    <round num="221">
      <proposal name="wgBLt" role-name="lily" reward="33">
        <ally name="MDUcu" role-name="albert" reward="66"/>
      </proposal>
      <response name="MDUcu" role-name="albert" agree="false"/>
    </round>
    <round num="222">
      <proposal name="MDUcu" role-name="albert" reward="66">
        <ally name="S87pa" role-name="lucy" reward="33"/>
      </proposal>
      <response name="S87pa" role-name="lucy" agree="true"/>
    </round>
  </session>
  <session num="38">
    <round num="223">
      <proposal name="S87pa" role-name="lucy" reward="25">
        <ally name="wgBLt" role-name="lily" reward="25"/>
        <ally name="MDUcu" role-name="albert" reward="50"/>
      </proposal>
      <response name="wgBLt" role-name="lily" agree="false"/>
      <response name="MDUcu" role-name="albert" agree="true"/>
    </round>
    <round num="224">
      <proposal name="wgBLt" role-name="lily" reward="33">
        <ally name="MDUcu" role-name="albert" reward="66"/>
      </proposal>
      <response name="MDUcu" role-name="albert" agree="false"/>
    </round>
    <round num="225">
      <proposal name="MDUcu" role-name="albert" reward="50">
        <ally name="wgBLt" role-name="lily" reward="25"/>
        <ally name="S87pa" role-name="lucy" reward="25"/>
      </proposal>
      <response name="wgBLt" role-name="lily" agree="false"/>
      <response name="S87pa" role-name="lucy" agree="true"/>
    </round>
    <round num="226">
      <proposal name="S87pa" role-name="lucy" reward="25">
        <ally name="wgBLt" role-name="lily" reward="25"/>
        <ally name="MDUcu" role-name="albert" reward="50"/>
      </proposal>
      <response name="MDUcu" role-name="albert" agree="true"/>
      <response name="wgBLt" role-name="lily" agree="false"/>
    </round>
    <round num="227">
      <proposal name="wgBLt" role-name="lily" reward="33">
        <ally name="MDUcu" role-name="albert" reward="66"/>
      </proposal>
      <response name="MDUcu" role-name="albert" agree="false"/>
    </round>
    <round num="228">
      <proposal name="MDUcu" role-name="albert" reward="66">
        <ally name="S87pa" role-name="lucy" reward="33"/>
      </proposal>
      <response name="S87pa" role-name="lucy" agree="true"/>
    </round>
  </session>
  <session num="39">
    <round num="229">
      <proposal name="S87pa" role-name="lucy" reward="25">
        <ally name="wgBLt" role-name="lily" reward="25"/>
        <ally name="MDUcu" role-name="albert" reward="50"/>
      </proposal>
      <response name="wgBLt" role-name="lily" agree="false"/>
      <response name="MDUcu" role-name="albert" agree="true"/>
    </round>
    <round num="230">
      <proposal name="wgBLt" role-name="lily" reward="33">
        <ally name="MDUcu" role-name="albert" reward="66"/>
      </proposal>
      <response name="MDUcu" role-name="albert" agree="false"/>
    </round>
    <round num="231">
      <proposal name="MDUcu" role-name="albert" reward="50">
        <ally name="wgBLt" role-name="lily" reward="25"/>
        <ally name="S87pa" role-name="lucy" reward="25"/>
      </proposal>
      <response name="wgBLt" role-name="lily" agree="false"/>
      <response name="S87pa" role-name="lucy" agree="true"/>
    </round>
    <round num="232">
      <proposal name="S87pa" role-name="lucy" reward="25">
        <ally name="wgBLt" role-name="lily" reward="25"/>
        <ally name="MDUcu" role-name="albert" reward="50"/>
      </proposal>
      <response name="wgBLt" role-name="lily" agree="false"/>
      <response name="MDUcu" role-name="albert" agree="true"/>
    </round>
    <round num="233">
      <proposal name="wgBLt" role-name="lily" reward="33">
        <ally name="MDUcu" role-name="albert" reward="66"/>
      </proposal>
      <response name="MDUcu" role-name="albert" agree="false"/>
    </round>
    <round num="234">
      <proposal name="MDUcu" role-name="albert" reward="66">
        <ally name="S87pa" role-name="lucy" reward="33"/>
      </proposal>
      <response name="S87pa" role-name="lucy" agree="true"/>
    </round>
  </session>
  <session num="40">
    <round num="235">
      <proposal name="S87pa" role-name="lucy" reward="25">
        <ally name="wgBLt" role-name="lily" reward="25"/>
        <ally name="MDUcu" role-name="albert" reward="50"/>
      </proposal>
      <response name="wgBLt" role-name="lily" agree="false"/>
      <response name="MDUcu" role-name="albert" agree="true"/>
    </round>
    <round num="236">
      <proposal name="wgBLt" role-name="lily" reward="33">
        <ally name="MDUcu" role-name="albert" reward="66"/>
      </proposal>
      <response name="MDUcu" role-name="albert" agree="false"/>
    </round>
    <round num="237">
      <proposal name="MDUcu" role-name="albert" reward="50">
        <ally name="wgBLt" role-name="lily" reward="25"/>
        <ally name="S87pa" role-name="lucy" reward="25"/>
      </proposal>
      <response name="wgBLt" role-name="lily" agree="false"/>
      <response name="S87pa" role-name="lucy" agree="true"/>
    </round>
    <round num="238">
      <proposal name="S87pa" role-name="lucy" reward="25">
        <ally name="wgBLt" role-name="lily" reward="25"/>
        <ally name="MDUcu" role-name="albert" reward="50"/>
      </proposal>
      <response name="wgBLt" role-name="lily" agree="false"/>
      <response name="MDUcu" role-name="albert" agree="true"/>
    </round>
    <round num="239">
      <proposal name="wgBLt" role-name="lily" reward="33">
        <ally name="MDUcu" role-name="albert" reward="66"/>
      </proposal>
      <response name="MDUcu" role-name="albert" agree="false"/>
    </round>
    <round num="240">
      <proposal name="MDUcu" role-name="albert" reward="66">
        <ally name="S87pa" role-name="lucy" reward="33"/>
      </proposal>
      <response name="S87pa" role-name="lucy" agree="true"/>
    </round>
  </session>
  <session num="41">
    <round num="241">
      <proposal name="S87pa" role-name="lucy" reward="25">
        <ally name="wgBLt" role-name="lily" reward="25"/>
        <ally name="MDUcu" role-name="albert" reward="50"/>
      </proposal>
      <response name="MDUcu" role-name="albert" agree="true"/>
      <response name="wgBLt" role-name="lily" agree="false"/>
    </round>
    <round num="242">
      <proposal name="wgBLt" role-name="lily" reward="33">
        <ally name="MDUcu" role-name="albert" reward="66"/>
      </proposal>
      <response name="MDUcu" role-name="albert" agree="false"/>
    </round>
    <round num="243">
      <proposal name="MDUcu" role-name="albert" reward="50">
        <ally name="wgBLt" role-name="lily" reward="25"/>
        <ally name="S87pa" role-name="lucy" reward="25"/>
      </proposal>
      <response name="S87pa" role-name="lucy" agree="true"/>
      <response name="wgBLt" role-name="lily" agree="false"/>
    </round>
    <round num="244">
      <proposal name="S87pa" role-name="lucy" reward="25">
        <ally name="wgBLt" role-name="lily" reward="25"/>
        <ally name="MDUcu" role-name="albert" reward="50"/>
      </proposal>
      <response name="MDUcu" role-name="albert" agree="true"/>
      <response name="wgBLt" role-name="lily" agree="false"/>
    </round>
    <round num="245">
      <proposal name="wgBLt" role-name="lily" reward="33">
        <ally name="MDUcu" role-name="albert" reward="66"/>
      </proposal>
      <response name="MDUcu" role-name="albert" agree="false"/>
    </round>
    <round num="246">
      <proposal name="MDUcu" role-name="albert" reward="66">
        <ally name="S87pa" role-name="lucy" reward="33"/>
      </proposal>
      <response name="S87pa" role-name="lucy" agree="true"/>
    </round>
  </session>
  <session num="42">
    <round num="247">
      <proposal name="S87pa" role-name="lucy" reward="25">
        <ally name="wgBLt" role-name="lily" reward="25"/>
        <ally name="MDUcu" role-name="albert" reward="50"/>
      </proposal>
      <response name="wgBLt" role-name="lily" agree="false"/>
      <response name="MDUcu" role-name="albert" agree="true"/>
    </round>
    <round num="248">
      <proposal name="wgBLt" role-name="lily" reward="33">
        <ally name="MDUcu" role-name="albert" reward="66"/>
      </proposal>
      <response name="MDUcu" role-name="albert" agree="false"/>
    </round>
    <round num="249">
      <proposal name="MDUcu" role-name="albert" reward="50">
        <ally name="wgBLt" role-name="lily" reward="25"/>
        <ally name="S87pa" role-name="lucy" reward="25"/>
      </proposal>
      <response name="wgBLt" role-name="lily" agree="false"/>
      <response name="S87pa" role-name="lucy" agree="true"/>
    </round>
    <round num="250">
      <proposal name="S87pa" role-name="lucy" reward="25">
        <ally name="wgBLt" role-name="lily" reward="25"/>
        <ally name="MDUcu" role-name="albert" reward="50"/>
      </proposal>
      <response name="MDUcu" role-name="albert" agree="true"/>
      <response name="wgBLt" role-name="lily" agree="false"/>
    </round>
    <round num="251">
      <proposal name="wgBLt" role-name="lily" reward="33">
        <ally name="MDUcu" role-name="albert" reward="66"/>
      </proposal>
      <response name="MDUcu" role-name="albert" agree="false"/>
    </round>
    <round num="252">
      <proposal name="MDUcu" role-name="albert" reward="66">
        <ally name="S87pa" role-name="lucy" reward="33"/>
      </proposal>
      <response name="S87pa" role-name="lucy" agree="true"/>
    </round>
  </session>
  <session num="43">
    <round num="253">
      <proposal name="S87pa" role-name="lucy" reward="25">
        <ally name="wgBLt" role-name="lily" reward="25"/>
        <ally name="MDUcu" role-name="albert" reward="50"/>
      </proposal>
      <response name="wgBLt" role-name="lily" agree="false"/>
      <response name="MDUcu" role-name="albert" agree="true"/>
    </round>
    <round num="254">
      <proposal name="wgBLt" role-name="lily" reward="33">
        <ally name="MDUcu" role-name="albert" reward="66"/>
      </proposal>
      <response name="MDUcu" role-name="albert" agree="false"/>
    </round>
    <round num="255">
      <proposal name="MDUcu" role-name="albert" reward="50">
        <ally name="wgBLt" role-name="lily" reward="25"/>
        <ally name="S87pa" role-name="lucy" reward="25"/>
      </proposal>
      <response name="wgBLt" role-name="lily" agree="false"/>
      <response name="S87pa" role-name="lucy" agree="true"/>
    </round>
    <round num="256">
      <proposal name="S87pa" role-name="lucy" reward="25">
        <ally name="wgBLt" role-name="lily" reward="25"/>
        <ally name="MDUcu" role-name="albert" reward="50"/>
      </proposal>
      <response name="wgBLt" role-name="lily" agree="false"/>
      <response name="MDUcu" role-name="albert" agree="true"/>
    </round>
    <round num="257">
      <proposal name="wgBLt" role-name="lily" reward="33">
        <ally name="MDUcu" role-name="albert" reward="66"/>
      </proposal>
      <response name="MDUcu" role-name="albert" agree="false"/>
    </round>
    <round num="258">
      <proposal name="MDUcu" role-name="albert" reward="66">
        <ally name="S87pa" role-name="lucy" reward="33"/>
      </proposal>
      <response name="S87pa" role-name="lucy" agree="true"/>
    </round>
  </session>
  <session num="44">
    <round num="259">
      <proposal name="S87pa" role-name="lucy" reward="25">
        <ally name="wgBLt" role-name="lily" reward="25"/>
        <ally name="MDUcu" role-name="albert" reward="50"/>
      </proposal>
      <response name="MDUcu" role-name="albert" agree="true"/>
      <response name="wgBLt" role-name="lily" agree="false"/>
    </round>
    <round num="260">
      <proposal name="wgBLt" role-name="lily" reward="33">
        <ally name="MDUcu" role-name="albert" reward="66"/>
      </proposal>
      <response name="MDUcu" role-name="albert" agree="false"/>
    </round>
    <round num="261">
      <proposal name="MDUcu" role-name="albert" reward="50">
        <ally name="wgBLt" role-name="lily" reward="25"/>
        <ally name="S87pa" role-name="lucy" reward="25"/>
      </proposal>
      <response name="wgBLt" role-name="lily" agree="false"/>
      <response name="S87pa" role-name="lucy" agree="true"/>
    </round>
    <round num="262">
      <proposal name="S87pa" role-name="lucy" reward="25">
        <ally name="wgBLt" role-name="lily" reward="25"/>
        <ally name="MDUcu" role-name="albert" reward="50"/>
      </proposal>
      <response name="MDUcu" role-name="albert" agree="true"/>
      <response name="wgBLt" role-name="lily" agree="false"/>
    </round>
    <round num="263">
      <proposal name="wgBLt" role-name="lily" reward="33">
        <ally name="MDUcu" role-name="albert" reward="66"/>
      </proposal>
      <response name="MDUcu" role-name="albert" agree="false"/>
    </round>
    <round num="264">
      <proposal name="MDUcu" role-name="albert" reward="66">
        <ally name="S87pa" role-name="lucy" reward="33"/>
      </proposal>
      <response name="S87pa" role-name="lucy" agree="true"/>
    </round>
  </session>
  <session num="45">
    <round num="265">
      <proposal name="S87pa" role-name="lucy" reward="25">
        <ally name="wgBLt" role-name="lily" reward="25"/>
        <ally name="MDUcu" role-name="albert" reward="50"/>
      </proposal>
      <response name="MDUcu" role-name="albert" agree="true"/>
      <response name="wgBLt" role-name="lily" agree="false"/>
    </round>
    <round num="266">
      <proposal name="wgBLt" role-name="lily" reward="33">
        <ally name="MDUcu" role-name="albert" reward="66"/>
      </proposal>
      <response name="MDUcu" role-name="albert" agree="false"/>
    </round>
    <round num="267">
      <proposal name="MDUcu" role-name="albert" reward="50">
        <ally name="wgBLt" role-name="lily" reward="25"/>
        <ally name="S87pa" role-name="lucy" reward="25"/>
      </proposal>
      <response name="S87pa" role-name="lucy" agree="true"/>
      <response name="wgBLt" role-name="lily" agree="false"/>
    </round>
    <round num="268">
      <proposal name="S87pa" role-name="lucy" reward="25">
        <ally name="wgBLt" role-name="lily" reward="25"/>
        <ally name="MDUcu" role-name="albert" reward="50"/>
      </proposal>
      <response name="MDUcu" role-name="albert" agree="true"/>
      <response name="wgBLt" role-name="lily" agree="false"/>
    </round>
    <round num="269">
      <proposal name="wgBLt" role-name="lily" reward="33">
        <ally name="MDUcu" role-name="albert" reward="66"/>
      </proposal>
      <response name="MDUcu" role-name="albert" agree="false"/>
    </round>
    <round num="270">
      <proposal name="MDUcu" role-name="albert" reward="66">
        <ally name="S87pa" role-name="lucy" reward="33"/>
      </proposal>
      <response name="S87pa" role-name="lucy" agree="true"/>
    </round>
  </session>
  <session num="46">
    <round num="271">
      <proposal name="S87pa" role-name="lucy" reward="25">
        <ally name="wgBLt" role-name="lily" reward="25"/>
        <ally name="MDUcu" role-name="albert" reward="50"/>
      </proposal>
      <response name="MDUcu" role-name="albert" agree="true"/>
      <response name="wgBLt" role-name="lily" agree="false"/>
    </round>
    <round num="272">
      <proposal name="wgBLt" role-name="lily" reward="33">
        <ally name="MDUcu" role-name="albert" reward="66"/>
      </proposal>
      <response name="MDUcu" role-name="albert" agree="false"/>
    </round>
    <round num="273">
      <proposal name="MDUcu" role-name="albert" reward="50">
        <ally name="wgBLt" role-name="lily" reward="25"/>
        <ally name="S87pa" role-name="lucy" reward="25"/>
      </proposal>
      <response name="wgBLt" role-name="lily" agree="false"/>
      <response name="S87pa" role-name="lucy" agree="true"/>
    </round>
    <round num="274">
      <proposal name="S87pa" role-name="lucy" reward="25">
        <ally name="wgBLt" role-name="lily" reward="25"/>
        <ally name="MDUcu" role-name="albert" reward="50"/>
      </proposal>
      <response name="wgBLt" role-name="lily" agree="false"/>
      <response name="MDUcu" role-name="albert" agree="true"/>
    </round>
    <round num="275">
      <proposal name="wgBLt" role-name="lily" reward="33">
        <ally name="MDUcu" role-name="albert" reward="66"/>
      </proposal>
      <response name="MDUcu" role-name="albert" agree="false"/>
    </round>
    <round num="276">
      <proposal name="MDUcu" role-name="albert" reward="66">
        <ally name="S87pa" role-name="lucy" reward="33"/>
      </proposal>
      <response name="S87pa" role-name="lucy" agree="true"/>
    </round>
  </session>
  <session num="47">
    <round num="277">
      <proposal name="S87pa" role-name="lucy" reward="25">
        <ally name="wgBLt" role-name="lily" reward="25"/>
        <ally name="MDUcu" role-name="albert" reward="50"/>
      </proposal>
      <response name="MDUcu" role-name="albert" agree="true"/>
      <response name="wgBLt" role-name="lily" agree="false"/>
    </round>
    <round num="278">
      <proposal name="wgBLt" role-name="lily" reward="33">
        <ally name="MDUcu" role-name="albert" reward="66"/>
      </proposal>
      <response name="MDUcu" role-name="albert" agree="false"/>
    </round>
    <round num="279">
      <proposal name="MDUcu" role-name="albert" reward="50">
        <ally name="wgBLt" role-name="lily" reward="25"/>
        <ally name="S87pa" role-name="lucy" reward="25"/>
      </proposal>
      <response name="S87pa" role-name="lucy" agree="true"/>
      <response name="wgBLt" role-name="lily" agree="false"/>
    </round>
    <round num="280">
      <proposal name="S87pa" role-name="lucy" reward="25">
        <ally name="wgBLt" role-name="lily" reward="25"/>
        <ally name="MDUcu" role-name="albert" reward="50"/>
      </proposal>
      <response name="wgBLt" role-name="lily" agree="false"/>
      <response name="MDUcu" role-name="albert" agree="true"/>
    </round>
    <round num="281">
      <proposal name="wgBLt" role-name="lily" reward="33">
        <ally name="MDUcu" role-name="albert" reward="66"/>
      </proposal>
      <response name="MDUcu" role-name="albert" agree="false"/>
    </round>
    <round num="282">
      <proposal name="MDUcu" role-name="albert" reward="66">
        <ally name="S87pa" role-name="lucy" reward="33"/>
      </proposal>
      <response name="S87pa" role-name="lucy" agree="true"/>
    </round>
  </session>
  <session num="48">
    <round num="283">
      <proposal name="S87pa" role-name="lucy" reward="25">
        <ally name="wgBLt" role-name="lily" reward="25"/>
        <ally name="MDUcu" role-name="albert" reward="50"/>
      </proposal>
      <response name="MDUcu" role-name="albert" agree="true"/>
      <response name="wgBLt" role-name="lily" agree="false"/>
    </round>
    <round num="284">
      <proposal name="wgBLt" role-name="lily" reward="33">
        <ally name="MDUcu" role-name="albert" reward="66"/>
      </proposal>
      <response name="MDUcu" role-name="albert" agree="false"/>
    </round>
    <round num="285">
      <proposal name="MDUcu" role-name="albert" reward="50">
        <ally name="wgBLt" role-name="lily" reward="25"/>
        <ally name="S87pa" role-name="lucy" reward="25"/>
      </proposal>
      <response name="wgBLt" role-name="lily" agree="false"/>
      <response name="S87pa" role-name="lucy" agree="true"/>
    </round>
    <round num="286">
      <proposal name="S87pa" role-name="lucy" reward="25">
        <ally name="wgBLt" role-name="lily" reward="25"/>
        <ally name="MDUcu" role-name="albert" reward="50"/>
      </proposal>
      <response name="wgBLt" role-name="lily" agree="false"/>
      <response name="MDUcu" role-name="albert" agree="true"/>
    </round>
    <round num="287">
      <proposal name="wgBLt" role-name="lily" reward="33">
        <ally name="MDUcu" role-name="albert" reward="66"/>
      </proposal>
      <response name="MDUcu" role-name="albert" agree="false"/>
    </round>
    <round num="288">
      <proposal name="MDUcu" role-name="albert" reward="66">
        <ally name="S87pa" role-name="lucy" reward="33"/>
      </proposal>
      <response name="S87pa" role-name="lucy" agree="true"/>
    </round>
  </session>
  <session num="49">
    <round num="289">
      <proposal name="S87pa" role-name="lucy" reward="25">
        <ally name="wgBLt" role-name="lily" reward="25"/>
        <ally name="MDUcu" role-name="albert" reward="50"/>
      </proposal>
      <response name="wgBLt" role-name="lily" agree="false"/>
      <response name="MDUcu" role-name="albert" agree="true"/>
    </round>
    <round num="290">
      <proposal name="wgBLt" role-name="lily" reward="33">
        <ally name="MDUcu" role-name="albert" reward="66"/>
      </proposal>
      <response name="MDUcu" role-name="albert" agree="false"/>
    </round>
    <round num="291">
      <proposal name="MDUcu" role-name="albert" reward="50">
        <ally name="wgBLt" role-name="lily" reward="25"/>
        <ally name="S87pa" role-name="lucy" reward="25"/>
      </proposal>
      <response name="wgBLt" role-name="lily" agree="false"/>
      <response name="S87pa" role-name="lucy" agree="true"/>
    </round>
    <round num="292">
      <proposal name="S87pa" role-name="lucy" reward="25">
        <ally name="wgBLt" role-name="lily" reward="25"/>
        <ally name="MDUcu" role-name="albert" reward="50"/>
      </proposal>
      <response name="MDUcu" role-name="albert" agree="true"/>
      <response name="wgBLt" role-name="lily" agree="false"/>
    </round>
    <round num="293">
      <proposal name="wgBLt" role-name="lily" reward="33">
        <ally name="MDUcu" role-name="albert" reward="66"/>
      </proposal>
      <response name="MDUcu" role-name="albert" agree="false"/>
    </round>
    <round num="294">
      <proposal name="MDUcu" role-name="albert" reward="66">
        <ally name="S87pa" role-name="lucy" reward="33"/>
      </proposal>
      <response name="S87pa" role-name="lucy" agree="true"/>
    </round>
  </session>
  <session num="50">
    <round num="295">
      <proposal name="S87pa" role-name="lucy" reward="25">
        <ally name="wgBLt" role-name="lily" reward="25"/>
        <ally name="MDUcu" role-name="albert" reward="50"/>
      </proposal>
      <response name="wgBLt" role-name="lily" agree="false"/>
      <response name="MDUcu" role-name="albert" agree="true"/>
    </round>
    <round num="296">
      <proposal name="wgBLt" role-name="lily" reward="33">
        <ally name="MDUcu" role-name="albert" reward="66"/>
      </proposal>
      <response name="MDUcu" role-name="albert" agree="false"/>
    </round>
    <round num="297">
      <proposal name="MDUcu" role-name="albert" reward="50">
        <ally name="wgBLt" role-name="lily" reward="25"/>
        <ally name="S87pa" role-name="lucy" reward="25"/>
      </proposal>
      <response name="wgBLt" role-name="lily" agree="false"/>
      <response name="S87pa" role-name="lucy" agree="true"/>
    </round>
    <round num="298">
      <proposal name="S87pa" role-name="lucy" reward="25">
        <ally name="wgBLt" role-name="lily" reward="25"/>
        <ally name="MDUcu" role-name="albert" reward="50"/>
      </proposal>
      <response name="MDUcu" role-name="albert" agree="true"/>
      <response name="wgBLt" role-name="lily" agree="false"/>
    </round>
    <round num="299">
      <proposal name="wgBLt" role-name="lily" reward="33">
        <ally name="MDUcu" role-name="albert" reward="66"/>
      </proposal>
      <response name="MDUcu" role-name="albert" agree="false"/>
    </round>
    <round num="300">
      <proposal name="MDUcu" role-name="albert" reward="66">
        <ally name="S87pa" role-name="lucy" reward="33"/>
      </proposal>
      <response name="S87pa" role-name="lucy" agree="true"/>
    </round>
  </session>
</game>
